-- phpMyAdmin SQL Dump
-- version 5.0.3
-- https://www.phpmyadmin.net/
--
-- Host: 127.0.0.1
-- Generation Time: Jan 15, 2021 at 01:54 AM
-- Server version: 10.4.14-MariaDB
-- PHP Version: 7.4.11

SET SQL_MODE = "NO_AUTO_VALUE_ON_ZERO";
START TRANSACTION;
SET time_zone = "+00:00";


/*!40101 SET @OLD_CHARACTER_SET_CLIENT=@@CHARACTER_SET_CLIENT */;
/*!40101 SET @OLD_CHARACTER_SET_RESULTS=@@CHARACTER_SET_RESULTS */;
/*!40101 SET @OLD_COLLATION_CONNECTION=@@COLLATION_CONNECTION */;
/*!40101 SET NAMES utf8mb4 */;

--
-- Database: `umb`
--

-- --------------------------------------------------------

--
-- Table structure for table `data_ahome`
--

CREATE TABLE `data_ahome` (
  `id` int(11) NOT NULL,
  `ahome` varchar(200) NOT NULL
) ENGINE=InnoDB DEFAULT CHARSET=utf8mb4;

--
-- Dumping data for table `data_ahome`
--

INSERT INTO `data_ahome` (`id`, `ahome`) VALUES
(1, 'Ky modul mundeson menaxhimin e te dhenave te uebaplikacionit (Moduli Perdoruesit & Moduli i Administratorit)');

-- --------------------------------------------------------

--
-- Table structure for table `tbl_answer`
--

CREATE TABLE `tbl_answer` (
  `id` int(11) NOT NULL,
  `question_id` int(11) NOT NULL,
  `answer` varchar(255) NOT NULL
) ENGINE=InnoDB DEFAULT CHARSET=latin1;

--
-- Dumping data for table `tbl_answer`
--

INSERT INTO `tbl_answer` (`id`, `question_id`, `answer`) VALUES
(1, 1, '1'),
(2, 1, '2'),
(3, 1, '3'),
(4, 1, '4'),
(5, 2, 'Pak'),
(6, 2, 'Mire'),
(7, 2, 'Shume Mire'),
(8, 2, 'Shkelqyeshem'),
(11, 3, 'Me pelqen'),
(12, 3, 'Nuk me pelqen'),
(13, 3, 'Preferoj te mos pergjigjem'),
(15, 1, '5');

-- --------------------------------------------------------

--
-- Table structure for table `tbl_poll`
--

CREATE TABLE `tbl_poll` (
  `id` int(11) NOT NULL,
  `question_id` int(11) NOT NULL,
  `answer_id` int(11) NOT NULL,
  `member_id` int(11) NOT NULL
) ENGINE=InnoDB DEFAULT CHARSET=latin1;

--
-- Dumping data for table `tbl_poll`
--

INSERT INTO `tbl_poll` (`id`, `question_id`, `answer_id`, `member_id`) VALUES
(41, 1, 4, 1),
(42, 2, 8, 1),
(43, 3, 11, 1),
(44, 1, 4, 2),
(45, 2, 6, 2),
(46, 3, 13, 2),
(47, 1, 1, 3),
(48, 2, 5, 3),
(49, 3, 12, 3),
(50, 1, 2, 4),
(51, 2, 8, 4),
(52, 3, 12, 4),
(53, 1, 3, 5),
(54, 2, 5, 5),
(55, 3, 14, 5),
(56, 1, 3, 7),
(57, 1, 1, 11),
(58, 2, 6, 11),
(59, 3, 14, 11),
(60, 1, 1, 6),
(61, 2, 7, 6),
(62, 3, 12, 6),
(63, 2, 5, 7),
(64, 3, 11, 7),
(65, 1, 1, 8),
(66, 2, 6, 8),
(67, 3, 11, 8),
(68, 1, 15, 10),
(69, 2, 8, 10),
(70, 3, 14, 10),
(71, 1, 15, 9),
(72, 2, 8, 9),
(73, 3, 11, 9);

-- --------------------------------------------------------

--
-- Table structure for table `tbl_question`
--

CREATE TABLE `tbl_question` (
  `id` int(11) NOT NULL,
  `question` varchar(255) NOT NULL
) ENGINE=InnoDB DEFAULT CHARSET=latin1;

--
-- Dumping data for table `tbl_question`
--

INSERT INTO `tbl_question` (`id`, `question`) VALUES
(1, 'Si e vlersoni punen e Uebaplikacionit per Menaxhimin e Barnatoreve (UMB) (Nga1-5):'),
(2, 'Sa jeni te kenaqur me punen e UMB:'),
(3, 'A jeni te kenaqur me dizajnin e modulit te administratorit te (UMB)');

-- --------------------------------------------------------

--
-- Table structure for table `umb_barna`
--

CREATE TABLE `umb_barna` (
  `id_barna` int(11) NOT NULL,
  `emri_barna` varchar(50) NOT NULL
) ENGINE=InnoDB DEFAULT CHARSET=utf8mb4;

--
-- Dumping data for table `umb_barna`
--

INSERT INTO `umb_barna` (`id_barna`, `emri_barna`) VALUES
(6, 'aspirin'),
(8, 'siofor 850'),
(9, 'siofor 850'),
(10, 'drinor');

-- --------------------------------------------------------

--
-- Table structure for table `umb_perdoruesit`
--

CREATE TABLE `umb_perdoruesit` (
  `id` int(11) NOT NULL,
  `perdoruesi` varchar(50) NOT NULL,
  `fjalekalimi` varchar(50) NOT NULL,
  `email` varchar(150) NOT NULL
) ENGINE=InnoDB DEFAULT CHARSET=utf8mb4;

--
-- Dumping data for table `umb_perdoruesit`
--

INSERT INTO `umb_perdoruesit` (`id`, `perdoruesi`, `fjalekalimi`, `email`) VALUES
(1, 'fatlum', '123', 'fatlum.jerliu.st@uni-gjilan.net'),
(6, 'drinor', '1', 'd@gma.com'),
(8, 'clirim', '1', 'g@gmail.com'),
(9, 'g', 'g', 'g@ggg'),
(10, 'f', 'f', 'f@fff');

-- --------------------------------------------------------

--
-- Table structure for table `umb_porosit_barna`
--

CREATE TABLE `umb_porosit_barna` (
  `id_porosia` int(11) NOT NULL,
  `emri` varchar(50) NOT NULL,
  `mbiemri` varchar(50) NOT NULL,
  `numri` int(11) NOT NULL,
  `qyteti` varchar(50) NOT NULL,
  `porosia` varchar(1000) NOT NULL
) ENGINE=InnoDB DEFAULT CHARSET=utf8mb4;

--
-- Dumping data for table `umb_porosit_barna`
--

INSERT INTO `umb_porosit_barna` (`id_porosia`, `emri`, `mbiemri`, `numri`, `qyteti`, `porosia`) VALUES
(3, 'fatlum', 'jerliu', 123123, 'gjilan', 'paracetamol'),
(6, 'fatlum', 'jerliu', 123123, 'gjilan', ''),
(8, 'fatlum', 'jerliu', 123123, 'gjilan', ''),
(10, 'bulzart', 'aliu', 123123, 'ferizaj', 'oki tableta'),
(11, 'fatlum', 'jerliu', 123123, 'gjilan', 'aspirin');

-- --------------------------------------------------------

--
-- Table structure for table `umb_tedhenat`
--

CREATE TABLE `umb_tedhenat` (
  `ID_Data` int(11) NOT NULL,
  `Titulli` varchar(50) NOT NULL,
  `Pershkrimi` varchar(3000) NOT NULL,
  `File` longblob NOT NULL,
  `pamjaefaqes` varchar(50) NOT NULL,
  `Emri_Foto` varchar(111) NOT NULL
) ENGINE=InnoDB DEFAULT CHARSET=utf8mb4;

--
-- Dumping data for table `umb_tedhenat`
--

INSERT INTO `umb_tedhenat` (`ID_Data`, `Titulli`, `Pershkrimi`, `File`, `pamjaefaqes`, `Emri_Foto`) VALUES
(1, 'Uebaplikacioni per Menaxhimin e Barnatoreve (UMB)', '', 0xffd8ffe000104a46494600010100000100010000ffdb0043000a07070907060a0908090b0b0a0c0f19100f0e0e0f1e161712192420262523202322282d3930282a362b2223324432363b3d4040402630464b453e4a393f403dffdb0043010b0b0b0f0d0f1d10101d3d2923293d3d3d3d3d3d3d3d3d3d3d3d3d3d3d3d3d3d3d3d3d3d3d3d3d3d3d3d3d3d3d3d3d3d3d3d3d3d3d3d3d3d3d3d3d3d3d3d3d3dffc20011080380069003012200021101031101ffc4001c0000020203010100000000000000000000000102030405060708ffc4001a010100030101010000000000000000000000010203040506ffda000c03010002100310000000f3fadc77e78a6a6400068000000000000000001a0000000000006818800626c8226106894dc1a2cd86b72223a0b3512a25aabf12f104137000001304c4340000003400000000000000000000031310d000000000c0134000000003013100d00218000000000000000034000000000d3400000000000000000c40000000000000310d009800000021800000000000000000000000035206dc4414a21284932511008996800026850009260200000001a0000000018800000000000680001a0934e0e509c4cd0a26b8ca36a80a4e5068b5d0c9c00402460000021a00000001a000000000000000000000001a00000000000680000001a06800006982000000000010c01a00000000000000000681821a0000000001300000000000060800000000000000000000000000000000000001a0001a64dc5c4109401a732800000001c888d40000449a000600862000000000001a01a00000069a06981664230ccec7854d4d29e6e6c348b7d03486d7166b86591945b088c4c1824000004c10000034000000000000000000000030400000980000000000000c40000000000000c4c1304002600000000000000000000000000000000000000000000000034d00000000000000000000026003100000000d000000000d34371069a00000006264a06c69eaa93c4ab217840080934d0d00003400000000000000000000034c1494d199b7d6ee2915eaf73ab8aeb32aad85adb7dde2ee79ba3171b6d8959d0e97a2d16f86a2aba8da89bba2d8eb32989c7250b189800268000018800000000000000001300680000000621a0000000000006200680001881a188608608018800000000060800004c00000006080000000000000000000000001a0000000000001880000000621a0000000001a069a0006801a620000007044e4565b121757948d976dcd767c9d1e470b6beac2b1a9027240000310000000000003400000000000c4394433337516457698d8842ed86af3297eb367cd66f2756d7075faebd73f555e3ed85554a1ad6fcfc1d863a598799874b60d3753d58804804313100000340d000310000000000340d0000000d000034d000000000d00000000000000d00000000000000000000009800000000000000340000c100000000000000c434000031000003400000000000000000d00000034c400000d0000031da6deac5cfe8375cfaf0b81e93a04f13936c77c7a6eb795ea78babc8ab9d7ddcb14d48024801a00000000621a000680000000000000180020728c8b33b13659cecf2eac8e6e8d6eab6faed72c2865bd29af867d368af2eaba92f1b2716271a1386b5009080000060982062000000000000000000000000000000001a00000609a00000006200000000018021a00000000000000684d30000000000000018801a1880000000000000000000000000001a0000188001a000680000000188000000180164322197d5e97b3e6d76db5af63cbd387a1eb3512f31d3f53ca76f2749d3711bec34e022e3d9844004c921904048062182062600800001a0001a62006801a019610c979f55bbba77386cde45596bafc2d8e2e99d16596a3071b6954c6badcebd3aad7749ab9af3b8bb2c0df3ac14800018868600810c00001a069a0000000000000000000001a000000000018800000000000000018009a0000681a06800001a0000000000000001a68000000000000000000000000013000000620000680006862001a6200018818000982180012cdc3cfac741d8f29d5f174f439baecac76c9d46673f78e578edf733dbc9979fa3b2d5ad3564534343921820203149881898002182621898800000000024a70bb698bbf8ad576762e773274b8e9e9a8d042b6db636aaabd3756e8252deddcfe6567a3cfd0ecf2db335397aa89d3eaf3f5fd5cf5a6ad000200000001300018800000018200000000000006080013000000000004c0000001301a000001881a00001a00188000000000000062001a000189886080000000000000001880000000000000000000680000062602006206862001a06201a64f3b032ab1d474dc56f38f7ebefe563969d07298dcf74e556be50e9c413999a1410d09a068240c04003431310034000000000000000039c19b0dc7399514e8b03028889e3c55a6c2245921813646fa036d9fcfdb4b6ef5d898e4b19c34a89890010000000000000000000000034034000000c43040340000009800000000000000034c100000000c040000000000000000000000000000000c4d0310000031000d0098000000000000000000000000c10c1300004300013004c130000001db4ca233f374d2a3714eb229c9c58ab813900135642b31528cc0206224d000c100000000000d00000000000000c01a0911686d31b530c886c2a6f671cafa1c5d96bb5a5644b251441029962600000200000000680189a0001a000000000000182000000620620000000000000000018026080069808000000000000000018200000062006801a000000010c4c000000000018868000000000000000060000000000009b0436849894000d000000c440103412000066442daa9308c95a223043000909a0000000069a0698801a60800681a180030b110ca96e22306edfe7e76e62deb5d6dc6c3a2d05e93af5f4a6cc19557849cd35964481252040c01000d310003400000000c004000000000000c434c10d00000000000340000000000003100000031000d03100000000c400c4c434000000d000000000000000000000340000d0c4000d0000340d0306277dc9c279618867df0d51bbb62da03a6b13cbbeb2c871d2eaf213ca66f79bbadfc9b03d9b9c4f99c77fa4d39eb4d4c00000099043520018a42cca3a1ab475ceb8984651b400c8b149800002680000621820000068000000681b56966cefea7368767bcaf3be1e661d70dcc70144e3f2bbce737c35d5ce3795950e92b389b2ea77186dc061fa6ebcf2ed7779cb6f869d5b5da5342581000908000000001a60800001a621a01a0000000000000068001a608006980021a0001a60800000000068000000001a06800000068000000000000000000000000000000000000000182001a63dbebfbeade5b4ecb3b97abcea8f4aad3e779bdace2793c8e9e549e7a7bf70d0cb76a274991b49cc63dec885839f0979a79e7a879876e38285a728024004c6227285459123256a327aee77adc34f3f8595eb582946d08004c002480000000680000000000000018801e4e35e8eafaee23a7e7d37380b5b9db0f58f03ab9b62f5f145bafb29b45249af91d7721d152dde6cf99da7274ecf06bd7230f91ddf37d3cdabc7be8d62234b8c0130434000000000d00310310c1340d30400000000000000000c400000000343100000340000000300430400000000c40000000d000310000340c4c4340003010d00000c4000000000310343149067fa7796fa1d6fe9d661e6707580400000480204c4820611258b4f317697cef79ce7672c1357c9a080120be5b6ab0b237f978e9c86175fa0bd753742dd29b9ea39be93977f3c84e1d59421384c24c04c043920000000001a189802680680681a0680738333f6bcece23a5c4d338ae6ac49cc64c6844eb82949cb36270b273c89b33b595c4edb0f538931b2c1a15a1c1a4a016134000000003400031000034000000c400c1000000034c10000000000003400d000c43040034c040000000000000034000031003100000000000000d0003100310034000d340000980000034c4c09f41ce5c8f5de9bc477d96febb7f9f74fcdd1bc745d9cb6800102714d58d3e7e6db3d571dcf74e3d572dabc6db0b2a896cda083403b6bca46c3a5d5f55cbbdd764c79b7d1f2bd4723d186aa754bab0de6fb95d961a73b09437ac62d4c20000131480704048062001a62621a001a1a0000018000086d089caa9134da2362bccee9757d661aa9ecacc35d1eb7a6d55ebc8e8fa8e6ba30c3528de580806888090608000018081886800000001a0000680698098206008060801a60020006262006000020069a0000001a1a000000068000620000000188681a0000680006200608188000000000018800001a06003412c8c6b0eb3bef3df42e6e9e932b132b9ba26d0ab0411518b51cc74dcd4cf9ae837dcff00a1c080b510000e037242cdc4cc874bd4731d371756c71a781969a3e4f77cd76f2d52a9ed9e5db82e17557d49a935240026086493100c1003400d304c100000000304c00681304d3257d392add63be2945b246e3a2e3f3f2d7b13958e7a749abd4605eb6682fc2d738a45a5824b10843120800001820018098200060868000001a060401a9000860494d1126c8974e231a399498eacae6c3400034000000000000d031304000c40000000031000000030400034034c134000340000d310000000000000d0000c40c00b6ab0eafd13cefd139baba0c9c6c8e5de4e2c712b892315178735d17316af9ce8775a4f47cf405a800128ce22522447271a70e97a1e2f65cfaf4dabd66b6b68ea6dc7eac41163133369b6aac571946650d0d30432486a026086490000c1300010c10d030000010d00004eec768ceb301ab9ab0833debc867c3094b2eaa5265012589a400018810c4c0004d0c00043400c01340000000c4c01a9c40588a94e121aca846ed8e6d279d8edf59685663ca62ea4822109466c86920310d00310c10000000310000000d0340012139ca152b915138cc458244d034c00134c130136458c44a45658a10525240000000340c40d304343002cae6751e87e6fe83cdd3d564e0e672f4d820554e8ad92ae34d63caf45c96d8709a9d8eb7d1f3c026a00138385ae020228c8b7099934d68104c8304d06caae9688a7355ecb02558e6b99bb1eca6dc443d57121e498fd9f276cb1c0a5da68001301a000000909b10d0021881a60860260984c00ed5432d54a4565011600ac881234c0680010031304d0340d00000304d034c100000c10ecae71160ed463d79b4a69cfc3c93799dabcdc26bd1edb4d78c442d4c932b8ce294000000c4c0434000000003400c100000d0c2c85909d85954237c0a2bbaab4543242608600000c40206983521cd4e2546d8d6d446caed11024000c00100c134c100c0094646fbbff003bef39fa3b1cdd66c393a6e758b18d662d3455d7567b57c8749c8f4f2f2385958be879a029862060418800249a0686200680068f56c5dce2e13c6687aae67a30c4cdc3da46dddf7bcdf65c9d8a8cb8e33c3f99fb1f94f7f0732a4ad28089000001a0000ba1d5c5b0b6bdeeef9fa3c679ff006ff34d2bc9928edce801800260c10017a124fa39d81a5126ab2986771332d62a6a9ac5844830434200000000018020062621a1800982600a48270b517e5e3e6e629d94a93a1af75aed21646b54c6662c65331b6cc9863c33e888c1a7228b4c40990189a0626080060800000000062620060c2d8590b6c84eb3284a30aa9baabd6b525204c001304000031300929225642cad9c67189a6abaab2035269a18818818806818000034cdbf73c276f86dd86c757b1e3eabc8916861e561537a2974e7d187c9751c975f0f358d7d1dfe6899302600104c5262626880048020c4e4261edb8fb7a3935e0f95ee38cebe5d7ed759b269eadd871bd970f749359ce87ca7d5bca7b787978ce1ac20694c2026818c430bfd27cdbd1b3d7d2aec6bf8bab1bcc3d17cbf6cf89ae70ece44c6218200626801e998dcba79e25b2db3a1e44ad18cb32311891babe4e980d73f42022c34c434098200001a18000801a00018988018305208db5c919799abb68dedda4bb39cfd73a2d18f55d2d22395919b9db0a7918905892c4bd552d5e40496260982621881881a000600086860c4040604adaad2d9c27596990aaabebb452ad73143b8292f4525e8a5dc14978506432895d285764a7130864529c6a6fa2d114d480000018218200600000e32369dbf13dbe1b759b2d76c78faad022d56067e167be0d591567d5abe4bb0e47b38397a2fa3bfcb0090000000086868200310d486100097d178f998fc3d3c7f07e81c07670ea769acda5afea9d8723d770f7b0339d1f94fabf95f6f0f270b63b56b7251294944a4d034c60d0fa3e6e716f5dcef24b32dfb3e1f17175c9016a0d300704304c7684c7d1cd29c6cece794cb76c94dced928e4ce33d6636db0b2e8c15657e77a314cc771a609821a10c1000d03400c00004c000010e7198d49445638ccb7109db8ce232a3405d9385928db656a6cce72f572c291523421a48003000043400c430134000340030000080d3253ae45f3a250bca5c2d8c41b41207001264931b4c6e2e12946712d4a294d298754ab98a28be8bc44092180cb084b22e860c73a93155b5c804300528c8daf6fc4f6d86dd66c35d9fc3db74ab9a638f955574c0ab3a8cf7d2f1fdb719d7c7c8d17e3f7f9ac44c304000c1401a9000000000034d1f45e35f8dc5bf29c2f6fc2f6f16bf63adcf69eabd9f0ddc7177589c72be83cb3d3fcb3bfcdd0464b488a6a2d1528c4c4099008369926344633ac104c80034c627018c4c2d56074f35b91566fa1c72becc8bf0e1c72b1d2ecc7226785762536c5aacabcff004d03e6e94c12021a10c4c13010034c130130010340c4129419628a4026913088c80048b6a68c828509d6120048009a60000009a06806800000000000180041881b8b26e0c938324402c75b2d75384d4513952cb9d4e2d35048ba54b321d3284c8b910b1231eac9ae58eae254bb00c8865c2eca32f3d7030f6b8131ada32f1f4cea244a2490a4a46dbb7e33b8e6eae8f3b0f3787bacb2bb42364518f464e3d6fa8e27b6e27ab9b91c7c8a3bfcf13108000062609a00620000000620fa3f1b3b1f83ab8de07d13cfbbb834fb3d66d66fea3d9723d7f177b52594e83cb3d63cafbb83968b8eb4485161349880918e034d1368157656202640018e098038b191731212d33c8ccd6dddfc5b8bb4f2df93658d894d6f951c358f464d35c70ddc5ae6e81856c0024d244d0000c040c400d0c010d3010c4c0001a0064a21d966ca1813e832296e529eab5b31a48ec716d18d0b6bb10348980008681a6008001a0006218206200018000c043704dc844c441cda6b2c656ec656ec21596852ed0adcdc4d45aca9dad15cac6984a528455a93447212318c952c6790ca725591393762ca979e25b4cc6253955df3c62f2544722250e64b71dc717db72f6743998999c3dd3b6bb262517098af1efc7adb51c476bc475737294dd4f7f9c2681a6200001a000000000000047d2d8f6d1c1d7ca79e7a179ef6f9fa9da6af696d3d53b0e43afe1ee9a0ce749e57eabe57dbc3cb42c86b582945286111b4c653b22282dac1c41c5c4432650d00031380d484e522b2d0a4b54d6339e44b1239f556d84ee8a2b2c69a95d120310861024a511a4800021a602608188681a626818003500093b2a9a33773a2d9d23a1c8d55f8ed7eaecd6da95e1598dae75d7385ad11a4b13013000010003001490980000a522b762204909840006d039c244da9406306c06380362006984580dc664a4a512121316c80086d304d254a0d1638c9324e312a325314c2d84c56a71988c255a2241d9beedb88ee797b3a0cbc6cae2edb2c85930576c2631f1b331eb7d1711de70dd5cdc9d3753dde780900310c10c10d00000c400c4c401f45d1463f16fa4e0baee33b38b5db5d5ece74f57ebb8dec78bbe40653a7f2ff0052f3bece3e1ebdae2e94c259514e2abe12aed5950b32b2b3f1bf3b83d0e9ef4c1538e911528881a44310d480707384c9ce33a982894d39646662e663b1464635671abb63b6307272842d8cc531b61688a92428ca224e3320021821a1a00681a6080060000c4034e009ca77e2b46d25ad2accc7a6129c6249a04800260002698000000000c53c9dd56da2c9eb76d8ebc5667799796be758de97afae9e6d89dce877e7e7a39d89b615128cc2681ce161292941b01b0183830408060c43053522564651606404c4a4c40c695192456494a738ca26404126a50aecae62109c262baada662b94652e83bae1fbde5ecdee55593c9d6ed564c28da4d71b1f371cd1f05dff0003be3c7d3751dbc4c4d098026862069a01821800009c000f77c5dc61f26dc4723ddf15d9c7adcec2cf5fd33b7e2fb5e3efb1358df59c9f67a2d29c56b7b1d6cc7335f42af97318fd560dabcde4db4e99ef363a5cec358e8b69a8d33c28c96d58c671229894d30100d31ca3244e5090d0a265657742ec9a274b3c678f649d4ed5b54230b1564a6a2e44650446229086940000000000000026000000000000260d04dc043889230000000000000000000000c8a36716dd76385d879fe863e7655b95e8b2e9cd7130f6d52793e5fbce46d3c76a773a5eef3aa42d334307642c44a49c48c63020da630043018d234c249c26d348d106d304d2528573172c748c878e194f1432cc40ca8e3a95f0ae28b21143ae44abc97d345ecedebe8793b0bed795eb90892510c79e3c355c0773c06f9f2b4db57670a0240c0020860000d304d0d0000001f4861e7e1f0f5727c1f79c176706ab65acd8defeabd8719d9f0f7c80ce71f4fb6d0ad8583663254ebbed9430b69888e5f4bd1f37d5cd3bf592b53331235c9117638ca241349000024031ce364437270a894652b71e50cd78ac9d0ea986e0d325143224cce55ca2270688c6519002512088c10310c10c0400000310d000098260000000308b6210d240009398812111241127289a5df2318ba01bdd1f4d9ebe81d4e97a1f3fbdc9b9a26c446338a75bc976bcf45fcc343d7727dfc35216993105b6556227252aca603630060c00007109b8ca2400938326e33891824ae5522ba658f7ab55a95a54171488b8a596ba44dcaa68b1c192956d3b5ef3cffbdc76ed765acd9727558104578f87a85ba0873b8e8e8f0f9cc1b46c387cad0f473e3c5adf00001a01a1a001a0000000000000fa530f331783af90e07d0bcffb7834fb0d76caf6f51ed38eecb87be4999ce0725d5707ad3129d5d17aef32b9bbd5e971f5555661a1cfd6ef8638d695480525248a7145719c528608600394aeaf2a21d9979d4696ae8e888e76bd9ebf488114b49263648846d4565b331ddd589c5846488e4d7be8bd193d3eef0dfceaaf54713e56fd51a7ca8f550f29afd671e63c8f0fd3790d31e74b2bd73001a00000000621a0064a6ae8ac63931862c6dae6616d7b6989e66fb6b3cdc5bf40cbb3cdb1bd53013e79b2eab6bcee4723bdc8e7f43cc345ecdcd5e3c97a6c6ced6be95bcd26eb8bb6c0100024c851acdb60d74f3ee0bd2bcebaf9b591947ab949264edaed889ca32ac80c1a6128c818d2a338881a1ce32890611634bb23389430855755318b8f938d6ad716ac6201a0622124036993719212714ddd3727744fad741e37b6e7e9f59d7f018517dbe874b8bb61d051a48cd36d4602b45b525350006982686801a001886800000001341f4962cf1b87a79cf3fee383ede1d5ecb5b9d6bfac765c2773c5dd602cadadf3eef383e9e7e5e8ccc4d33ac846632234449e3ceb9ad6a51b22305646c085d085109c249a691b9a2b7344f3f076911b5db626eb9f5ab1b735e73c7e8fb7e777cf9d866d3a5a86d5ab65b0b6b3172ba13cccbd967a73badeb3436a6a14e1ad000bfa8e53a2a6be81d1e8ba9e2ec25615415a8acb04d50c846a786f49e474af92e0ee351ddc311b988924200068600d0213245b93464d61d53a210a675d8fa1e7ba2b53b5dc606fb1a5f966473fa34539d5c5b53952b679f22c8cf2ec8eaf6bae9af9ae1ec34dd3c9e9dbde53a4e6eccc7595b585416a522183b0d6c4f0be7bd9f0dd9cd8c9ae8e726af555b64e934b9c520086212da0b1c651229222d80c018126a5166c20c40556d72c4c6cbc5bd284c921a90c200000c180dc41a10004a7585d08224900000000000008600801a00000001a00000000fa1f1f228e2df92e17d0384ece3d3e6e1ec6d6f48eef8eecf8bbe69acadabe43b8e735c78cd4759cf6d8e92ab31b4ce6ab1338a52516a482417c72eb35579f8f0d7d5918f7269cadb6bbab1185d5225b4d66d61d16f351d0f2ed75b937e77d3693afd746bc06b3add0c74e871f6383dbc0e754af959918738751b5e63678ed99cf67e9ad4c0ae71df20191da6b3362dea7da707dd70f76409d24130043104395ea798b3caf49d1693bb8a92e76a531c8898e58a62b2724d4ed45659121657345f763d9589e3ce994522667d1f37d3ce7dff41a5e8f975bae53e7ee50b544e2caf268a411786a76fab53cdf4fbed575f1f6dd2683a0e6eaca446bb45d3288ccb2bb64b5db2c13cb388ef384ede5a13b75c6fdddfd7531e570bd0f479df87af3b0b4bc069293104a322538ce2c0c4a1803644687284a131112a31ae62e85319878f3aad108c9490c006206218080001821a000000000010c000000000130434030449098c49a000000648fa0aab2ae2df98e17b7e1bb38f57b1d767dadea7da711db70f7cc0ced8bcfef796d32d6733b4e777e6d7635946d46eb6b4dc640a4c858e5079d85915b6562cf1e18d8b918fa55344cd9763ce22e84445fb3d56743ade9b89ea3977e8eed7df9dedd5d9cfaf87a0b758d6ac2be8eae38c94b4cd1245f91832865e2a8118cd5a22a48599879916f4aeef84eeb87bef69d2471092141b52957abdc465e7faef4c8e95f325e9891e6585eaf832f1dc1f4bd0eb8e8b6fd0745cf6e1a5e8b652de69aff0058d6cd7c6b5fdff13dbcf4381ad250010d265d2735bdb63ea1d3719d6726fb19553e6ed9084b10300589978a701cf745c7f5f17a36ff0087ea70db710a239ed3961286eadc1cc5a78595ad979d705da715d9c9466e0e6efcfddf59cbf61cf47aade69f2dfcfb4fb9d37444464a2482327209128b03208093638252698b72230b6a31e9b31ad46a0ac9c0421a0600000200000000000000001820000006272944c15a8a89c6622d821b073b6b7a4cb9534c359d14e0c7268be504cb501b4bba3979ebeeb55f5735b95e0fd0380ebe3d36c75bb0bdbd53b4e2fb4e1ef9019cebb85edfce7a39b43abb31fa30a616c666a72024384a6ac894ed2b38c3a6d16d708cc2ae51921b994e56a2a77407918f6c5765bbe6f3296ec7238e79df7dcfe2e3deb377e4e77d4e2ee35f68c4906956982524449b89ad59198ad4a36859989909f4aeebcd7bee1efdaba25969355c626f78ecc99d16da93026a0009b2155f5c4e9343d1f2f33b4dc737bee76c6cc79c58c3bf58a737e77d871be871e1bc9bfa72d743638e6297c662acfc42d4ef3aff0028e82b9fa75fe7f9187677470e56fdd4f85ba2ddbcb92da65aedf5cf5d59e3f89ebb8bede3ddf4de7bb047a39c2196bd9d5c6c0f4adff96f579edd673f3d1d34e4b9cdd69bb78aaccc3ced31ef3b1e3faec33ccd3edf032e9f3ad1f5dcd6cc49cf2e58af6d2cf4d2ad9e2dab8ee71b545244414a5284c6044ca509c0a322830f1b2b174a5604804000d000304c10c04c1126454d262c100e4944e759a0ba05632d52c36d4be3ec3afe8f97abca70bd63938bf1556c70ba796824b4c8b15d5b3c98e5e3d2adb6ce7ecc6ab3b1cd6e1e7e0f5f9f40d6dcf29c2cadadcdc3cac7a3db6929cf3e7384ecb89ece4d766e1654dfd43bcf3bf41e3edc84e38df4de6be87e6bd9c7cfc3276533a3875987969ceaccc5df14e24c596d13865153a5a18f6d57ad6a6ad102596579bbddf52fcb6d7b1dae7af9ce8fd7b95b53cd3372771a650c9ea2dc74f3ed3f75c66b960598d299dd656a3279f5bb5d761dab5a4f5ab001a691856ea328cd6309c6d557539e745de723d871f66dada6dc758d766324af0b512eb361c7753319ed354068400abb6b8b68b86ef783d21757caf5b85b636abb1be273fd2ea2f9f9ae97afe5fd2e1b72b132e6b0c4ccc495355b5dab5d77576857e34a59d660ca27356124ec27ac91d6f65c2777c7d7b4a7221cdaf19c2fa1701dbcd816552e8c2d21284efaf2e2773d368ba2e6e8cbc1cfc4cb4e279ee979aece6c6cbc4ccd71ef7b4e2fb2c32cdc1cdc2c7af94e67a8e6b4b51b3c2da52f7bb561b6b35d9daedf0ae125b66a338ca0a51982719c243491a944baadacc2c5cac5d295925308609b713126159224a529d66a8df5901ca60993ade11b61134a9abd1d91b2b694895348576d5315a6ef96476dc77a2f3efd9eceabb9f6ab98eb34d16f25e77abe4fab1a84f7e6b2fa32297c9cbc6cde6edb66ece7eaab1b331669acc0d8ebfbbcfc71adf9a738595bcefa6ccf4f70a72eac5c870fe81c275f1e9b370f3ed7f4aef388ee78bba69995b49c1fa373bb65ce75195b7e0ecd6eafa6c5e6d7cbf98f48e17d4e2d4a9c3bb887148b5d4e25a8b989291358eef4bd145fb2df6bb7bc9d597931bb3d69e7fa4d2da9e6bb8d6e77672762ea9f26da6e0bbae13a31d14671d2b29d093757009ceb99214a12b25767a63d79b427163657ae49119896df4dbba5fbae9f9ce9b87ab32d85d5bd78d998c9d3f39d3f3b7abed782ec6677aeab2a6206090e0ea8b60711d6707a467f4fc17538474d91a8c9c74c8c09eb6d4d0f0bd371fe8724adc07d196653422e95164c4e3294282e8254a12006464237fdcf9cf5dc7dbd957aeab8fab4fc374dca7a1c58cc5d3cb39d53327270eeab7dd0f23d061d1bcd5ddaacf5d169761adebe5af3f0736f977dd6727d873e57e06c7479f4735cf676a36b666c34b954beeead7539de58b036ca4d4ac71928414d494948904a25373214e4639878d938f7a5649a6b26826ad8951ba250494c4ed85b4bd755f4cc56e2ed59ca045a708c4645dab6595ceb699155b3adc26138cad4ccef3cfb7d86fecf9dc0f43cdb6e791b786b4ea347918bd9c89c657a5b918f919e9979d839dcbd995284b9fa962e462da9aed7e7ebfbfcea40db09d95db5b5975593969ee55e4c30b725c0fa379f767168b330f3af3e9bdcf11dc7177cc0cad89aadc6b0b3335d7736f978b4e1657d4f11d8f35dbcdccd19f5f7f162cb7fb1cba38d874fa3be785352d30936a6b1df683771a7a2eff9be8793a7697517e5a2d2eeb4b7af9ae3ddcf7770fa1e4f099586bb6e5b3306675f565e35e95292bc446894a321ce0eaccc9c2c9cb6ba8b298514df4ed8d31b66b55bba375c7e8f45d2f2bbaf3b6dfdba8b35c7658789afb1f352e7baf1cbe8b83c8db2f5ccef28cbcb6f4f7e75b089ee25cbdf5bef75fa8e7e6b9dc59abe9e5cadc732e73ed6de18a4f7381cb4259bae16b4404c0983b2b9175b45b599d72516812b4791919bcddda7c6e835b6a62efb43b58bf431c57e7fb5aad06ef47e8f8b521f579c49d82bab70dd741cef438f567e16663e3b71fa7dd69baf8a1b1d7ecef977dd5733d3f356ed1ef3495d780d56d753b9cab897c298a6f9e35a644eab22cd38845568b1e3931933c4b2272a745b5b3c7bf1cc4a2fa74aa69c5a2a5144aeaad8b4a13822b416adb6d5652ca8ba8b56b69d8d38c4c505aa4e1384e70956ed044c63384d6138ca62dbf1eca5f699fce42b6de6a282d455d90bd22d4a56e463e467a65e660e5f376663ade1d2f16ec6be781839b83dbc1501ae13b6ab6b7bb2b1b2f1d7dd615c71b68bcf7bae03b387499b8597a4fa9f6fc1779c3df60195b1f53b2e765663606b73d7694e8aeb46cb597d269338e836aecb6f9797cfbf2fc3fab711b61e710cac5edf3ec4a2aadc6976b36f42e9390e9797a77f9185978eaf4bb8d15abe71cbf4bccf770bc9c3ba96ce8d465ad78b7d1a52b56cad5c73262532992892702d8db168c674a0236cacd84b79e67b356d2fcbf17d3c7b6da314a38b474c6560956ed36a379aaf53cdc29a9f67993b96545761d260f4d96b2b330cb4d272ddaf27a538cc3cdc1eae55164c200018a33444932b73083934ab23289989d6e5f8d61b8d86a767c1eae46ab3f5711839fafcbeae6dc4b11f17b187a5daeabbfc6aa65dbf016ceeace2d5998b3195bce673a34e9b075d874bd5833ab6c0d8eb76734f40eb794eab9a2fe7f7fa3aebe7baddb6af78aebb2a9571942d12b6ab226fbb1ecacdd1ae29956a33118b8cc4acaac865646364677963e463c4e253751a547192c90912b69b6265094115b45a2f9d73ad9516d535838bb1a6a104d5aae51926c94654b0822c46519ac1a2d16ceb9d2ce0e3312d843ade4ebd3d5e80fccedf28c4eff91f4f8b07228b7a79b2b2b0f230e9cc74bc7a258d6d17a6161e5e275f0d606994ecaecadf233f076386deb32c4b2b4e7f84ee787ebe4d55f8f936b7a3fa1703e81c7dd7271c2fa8e33a8f3ee8c8d76262c699193a79eb874593a2db63d593d1687a1cb7eb7271b2e94c6e2bb7e274cfcdf073b5fddc13489aacdc1b0ed7a5f3bde67a7a4ecb8adff3746cf9ecbe5ed4e5f41b0d7f5f2a73b226b52aab288dd2bf316c70d70f1f758559d3d59946f957332a26fd8656cf97a79ed5f5da3bd79eba2ba72e837fcbeebc4fa0e82ed4d9e5756c31b16ab274421d55b5d05d8ba8d86a3bf8b1edc7c9f43c6cad8626c623a4e879cdd63d9b4863e2d54f17b4e3b7e7c2c770db9a445809a5b2508937135bb1a6a76b89a9dd28b50f26ca6988f636e7ae9e1ba85a9afcd8c137e2aaad48db8c698ecdebccfaa787386bcb2c8a72672cac8ab22b6c5c2d8e15a29b9deb518f9f8b13af85d56945b6c3df457afea343d0f3c4b51b8d4534e1b4fd3ebb68d155b0c5b462c6f52ae6da511a8b154a5695c91364a254e322ebb1e74b5f8e525744ebb89424922d0ecae709c25044444adb2a9d64aa75dab14133288a0845aae5169b2509d2c0092128a2005a2c9c255900377dcf03daf8deb7516e2dde4756bb85ecf90ee8e6a19989eef9175f897c325d267ad943aad5a317231fa392005e93b6ab6b7cada6b76fcbd3e8d315f9b41c475fc575f26b3330b29b7a877de75e85c7db7c64b0bf3de6de99e6bd7cbced565778ae53c8987b8d76665d1b3e8b92e8b0ebee7270b3328a78aecb86d72f3ed7e7e0f770031108ca12bb335b61d774fc0f45cbbefb9bccd4434f35bde8c6199d36663a79fea3d0b92b579f9cead2bb2d8e8f2b1d36f858d444ba611d73b72b02c89ebf67c9ed78faf61a3bf4d6ae05057dbcb9db0d1cf1eae89f3c61d5d14b9db61bd9e8ee36b5eb699a64eb8c7e8e6b32b06fd79b6795a9713d5ee380cbaf6775aae7b0e6d769a78f7e30428c048d327642cada5253a5d373ad894ada6b0b6cc9c7aabcdb767c3d98f979d99c1b6aa3bd9d2bcc607698bb53cff55dd72febf068e3643d2f29a932a572164e3e42336ea6eaabc5cba2f10be59516c3c2da6a53873af6168dbf5d87d763d0675d3c185a9dd696d8683133306f5d46b33b5bac28a2644408d33a2d2c8b44e7548ba54b85ae90bde389beb844229264e328940894eb64e2450117336494eb35d76556aa681a692809ab7164e50956d271712465094444d6c9d738922e264efb98b31dbd0aef3fb787b3a7d56ba7a6af0aec7eae29db4ce73b8a9d6d3a8aed10a2da75c22d3b565753756d9bb8d36db93b7d429cfa74e4e2b8beff0085ede0d4e4e3e5d7a3d1bd0783eff8fbae030be9fcd7d47cd7af938f94b36d166cb3369c9d5cd61f4fa1b5b0fa4e57a6b5bbcd86b737977c7e1bb5e276c386c5cdc7eef3a0ad48c5aefaa661242767bce636195b7daea31a8b7b1e27b7bbb2baabb9b7d6715dbf11ae7cbd1911d690b6fb33db02acdc5be75a0be681a6dcd8ed72d75783d16aa6354aeaf5ca08530098e55b4db3c775b5f0a8989451312baace8456c2359d6e75fd4d6da6c8ee32b1d7cc74feadc9694e1d66626b44484c58227652e26f74916c89e2cab6ccb70aecf6d865eb73797bf6db4d26c3ceeddde5e9727867736eaf2ab9e5d5215d4f25da729dd5e3e9c97f45e05dd06cbb8cb5e0b17d571a9a78ee07a7f196c75375166d94999335c8ce79b5b6ab41d8f3d68e5f6bafd85e7d07abe57ace5eacd619df0f9ce8799d38b9dd5bd47460b188db494abb625d774138d45f4589a25371710c10c40dc582684812e5071604127163421595dd0c8c98e673f5e0616eb5b7a6101bf3032262a4a6a031ca32ada42712e128cc400b44a75ceb246488b09aa921375b8b3a6b6c15e56f3ccf4c16ebb5255b85ab1ae50be69a7312ba9b6b6cad96af339fa7daea708cb9ce0bbae17b38b4b958d74e9e9fdff9b7a2f1f7648185f5de6de89e69d7c9cd6c355916af65b6e5777e7f7dfa0d9eb2daea3a4d3747ac7639d8f9985b0b8beeb93be7e6d8bb2d6f779cd3534a69c8aa6698db0992cada2f553323a6e4f6313e9f9dc66d71daee4763a0b570ac445b3dd5673f4d3859787b614a66d82c9a3675b6ff00a38f4dc7d7cde97d128b479360fade07463e4787e89c76fcfab63421a8904244d009993bfd1f519e979b139f7c2ea79edec3a2b69c8cad87caf55c95ebc36b365aeecc136e2f08db19ac09884e528b4273b6b7864599b875d5999199c5df8f765c7976c484753be5bcda705b3b61e817f3fb4f23aa5cbf49ce745394dc61751f43e1759d2e9b73cfbc938c4eaf83ed7cfd4e7563c7bb8f3b2357723a7db73dd5d6f1d475f552fe536f698bac6c7aad1ef39ba33845670f99e979ad78b89d6eef1b6a6a96f3229d3ceddd25f5bf2d4f53af398c3dd6a37c2b68b564d086806000009a10d253124006d106843b6a9276399a9bf9fa7335b2c5bd6006dccda2244130098e50945a6e32892128a2222d59b8b896d34a242b053804a125afdbeb3a2e5eacdb76197e67a3c3697b0e4fd2e0a6247ab92316ad55242256d77d6d7e6579fcdd7eaf1b233cfcb70ddef0bd9c3a5ba9c96de85e8bc277fc7dd726b0be9fccbd4fccfb38f8e895e94d86d79cc9cf6e8e7a9dc61d8fa1d6ef33dba6caa32699d1cb757ca5abe79a7dbea7b7851295ab542d822aaafae55128c9b4d16ef753db4e99b9fb5bb0e8e4745e83a05b8da373878ebaf93c7d7967438df1405a1efb45d3534f42e8b4fbce4ea63211aaf4687cebd67cfbab9bcd21938fd5caa36bace396422d11a4a00c9e8799d8d27b0968edc3a2fcee7ed4f7d97c665e1d1bae632754d74989b1c2eae4adc676cd1370ae539c4c2cc9cacf6c2cacfe832e9d06775b7e1b73197bfbf9b4e7a8e8f55cf7e739cea798efe7d366e1e7fa7e4f57bdd1ef3e7bdd7a0df6921aaecb9eeebdcf173338967a53abb7958987159fcfefcd515cba30b2ec7c83a6ee78defb0df32eb6ec3a7031b71198d55f9551627146273dd173daf1f2908ad1b1d96af6dcddb95747272b626a3a2d645f8be73b0e4fb39b086ba795b0980141882420001b2d8b56b2635b633b253153c975b61c6fa6f5439a224a094993543043494020180d34cdc655923289142b55b4c938b899b88875ca32421397bfe633f0dfb8c8e4df9de8647377e1fa1c0935b6304d5aa9a11664e26456db5d869f338fb7d7a3034e4e7786ed786ece2d464e2e437f4ff40f3cf42e2eeb9358db5fe67e99e67d7c9c4c2c86d9971b4a6ab7d46c70ebc8dee8b758edd45d8f915a55cb755ceda3cd6be8b75ad39a7e8ca93e45a9f50e1f7c3430b69d79e109c6c25168d877be7ddadf4ef6cc0c9e6d61a4d868abbeaf0b2b1b8bbf5f81b1d7f5f9b44651df92204a7d2735bccf5f54df723d3737465909565a2053c1769c4ef879e636cb13b3895d7645675b46d6889d5c72aa99a95914c2eac4e7ddafbb3b66e561e6f3f76666626771faf2c5cda31e8d4eb36fadeef371f2afd8c67abab7d8749d4e7437ba60f3f659bc5d58bd2d5b7e8e71c8d31839063e87a5d167af17caf59cc5eda6d8d7b5eae1dcee35b9fe37af2d3ed35b1395dcf25da7a9e6e48ca4e1e8ba8a627cdb93f63e577cbccebea74bd5c98573b6b1d47a1703e83cddbb3b2bb32d1a122bc4b35968d8475d4df1cae5f2794db8f5f4e055ab7bb2e46dcf7efb65e79b3c37ec70f4a61d18fcbedf4bd58511943a795b8b40000086206269b3231f2f3bd91c9863be1ce37e94b9e4cb9fa34f899f83d3caed8644c5556663c4e38cd737395f9df1aacec598a5357a36ec89adde45a9728842509840e6a132260da1889822d0801ca22720a655b480824e33114e36a800e75c8c8bb0e74bfbc3b0e7bf31c1fa2f03d5c9ce6563645efe9be81e7fe81c5dd720c6d83e6de97e75d5cbc1c72e3a5327a7d475dcddd42d9e267a6bf6da4dbcdbb0c9c6c9a523a6dcea93a7e8357be5ae5629c755e7fe95c3e91e6f87b8d476715716ad525194c64749cbecfab0eef2b91bb5f3f6fa4c4d665e86ce1ab7e6fa7958f5c34c2507150424cf67abcda6bdf759c0757c7d5d1cf584576546b75d78cee52cd1efcfafc4caa77e6b3270ac464633a2271e8baa99aa3642660a4a2c4e02d9b9da7cac3b37b9ba0bf8bd7dd63eb71d17e26343afcce8361a4da70fa79d872d7520e8791deefc7d9e769765c7d1bbd973fb4e9e4ce2a8eb95e51249a1dc6856e775dbac94e9367b6bf9b6d553bad661be0e0e4e1e91beec78cecbbfcec902a232513469379a899e5f97eb797ece4d4585b4a74ddd70fd9e7d1b79e3cf2dacc6ab516a59cfe1731d1975185cb62eb86ef4b8b4df2b1405a656e2d6e4e1590dad9ab967a5d852a6f0442d46e32000040c006996e6e26cf1daeab614f2f5ea2e56ef867bb25cbd5a3c1d8ebbb7867958d928962e56345b19a7b6595958b9986d5e167e04b1816f85b938f9b9dac32161d1aea7231f7c230946f52e866d517b2973efa4a76183be5013d3348431cc83b9d6d44a5118028ca3249a9aa180d31ca3389f7a35cf8fab5bc274dc6f5f1eb6ea2cbbd2bd1bccbd1f8fb73851c6f83e7bdaf9df461a18d65f3ddf61c4f57cdddb9c1963d6759b6d5edef3d765e2e4e758e9b71a2963743cb74d17ce4138e3f3bd2e05abc0f2beafc874f2f9dd7b4aba32c17998f6a42da8bd7633d63df0c9c651a59908d6d74a99d66d2061bb2256f66660e4d34eafa5e3ba2f3fafa2861462ab4991a1e9c69c3aa9ebe5c88511b56e8d28bd54a2675918b28a5320926493492444dae922f6c6090c322627998e63d17e24299a599fabbaf9f5db9e2b79c7dbd6ee341d1e769cec9ab65e4ed5a749d0ea13cdec302da5f6cf0df274656a2dd5d35c6d7dfabeacbabedb81efbb3cfcc033b283c18b4b9d390959a1ab1fa71ba7519dba2eabce363397a6d3c261cd7add0f3585ac6c34f0af4a494498044989809c1b8858eb09450000da0620001881b8b32b71a5db73f4ede974f0f6ebb268d97463b079afcfebe4351d073feaf9d2c9c4bf4cafc6b2889a5c5eb96565e16463b5983958b2c74d6d8d99983914b6ca38e63b558f6d5b6518b56a5bb1d6ecb2d37128ae0eed4eb33b5fdfc5111b62004f229cdcef6bcd973756968cec2e8c2222f9a8ca330809819690964df9df04cdc73d1e5ae5e77b7aee736fa4eff2f1eea2fdf97d13d17cefd178bbb269b31b0d79df3aee7cef56be58f2ebf3f69d0f1d9d9edd91cd5d4bedf77c86ee9b7a1e56976994cf41b8e7a58fd4f2bd5c5b306a71af1b2314a39fdf6af5e7e46fe8f2f7c78ae77d3f94d70e06bcdc2de8da944a8ce36ad6a4af4249d6d211cfd238cab79db5d95bec36dcf6461af4cb4029b0d744db9e8a72b1af5a6242667188999022d28a8a42249881b8b4c8441b88349993b7c2e9797af1e1bf5c7d9c8e1f4f81d13a5c9e877fa63c7edbaa295bba5d6ee2818a2b27aec736fa1a79899be8d5a4ec2ad55333bc5acc8e6eb7a9ced4ef875de87e53e8dd3c5be749cfa53ce6c38bde98dcdcf5534ba78974db3215d79ef1aeba7a38f26aa5e993424884800930013400000313800000300000043400017ec75b9796bb4c7aa8c77b773cded0eb9ea579bdd83cf6cb51eaf9ce74bdf9ee84144b225ab7dd893adefa542080bd5d953864aa4ada514ad009cc59b2d76cb1d36b5db1e2edd160ec35fdfc31034cd8996e7ebf373d36e5071f66161656275f2c40be6a328c9029ad9958d9d4be76c23b4f3fb74dace8f45ae7d42ba3cdedf3da4dfe87bfc8c5ba9bba383d13d1fcefd1b8fb6ec7c9ab1d38ef38f51f33db4d0ca33eaf3596570959884d767b4e72fadfd1ba0f2fe879ba7b1d3518f9edb7eb791ebe1949a9cb174bb3e2b48dad3cce5e987539bcdec54cbe5f67c9ebcfcdebf271fab31a9248cd4d6b5257c936e2d12673f541b75d25384ab6b274cab37ba9cd326cc59cd1e3ca998aeb71b5842896852100801831300043401642f89d9f55cd75fc1df9f66e73797a783a7b1c6d36b7a3a73f4e286366c273d75daad54dfb0d66ab41358e934b57473edf02d89664ebb2697be0956d65d8665d776b2fc4d79f2fb3e1367d3c5e955707828e9393c1c2bc5b54522db71a75bdf0ae312e02bd1b421a010000c400d0c4352000001a20c1834c1008004121a65b7e35b4b64d4abada17e2bbd76b1d72cf4b2816b90d398040340da70681226818c4a484d08620bb63abcecb4de2c77c7d9add76760f6f1c06f4cd34cb333133f3d334b97275ea717370bab96205e8a328c926a6b6676066d2dbfdae9b6be6f7d5a2dde936cbad58661ed6bb41b7d3777958b7d16f479fe95e8de65e95c7db955d90cafcf79a7a9f05a5b88cecbd86bc9afc5e8f072b73146c75fd7ccecaaf98cfdf60741874ce3938f8f4ee3b0e2fb3a5b3134cb57e7be83e7fb396b610db2cbc9d2d37e7dde9f1aad711256894ab92260958a71d72772d9a98f3de59cbdbcc55b9c0a69844a2bcaec8dbe1be9b2fa0da61b71d89dde9a1c8539dafefe2882b54400993098d28600c844609494c21c9265d39d9df63ddf19dc71f775d7d76d295e0ecb5ab5f9ba9d84c5d8f1d05a218d3e862fadd6f611ad7caf3bb7bef5d063767189f25d1fa4f9f6d4a1d539a429b31e3557e26ded9e5e4e764633cdf3fddf21be3a54d7462098da4490813431126800006101340d034d48000182640630611314d4c202434c100e500b20880d1262609a013000001b441a608192b4cdcf5c4af71894beb5595ef800225938b6d67672c4961b558f71ae75cf36face9abd9ebb4ad9b2d7ee32d33e39b4f0f7e830763aeefe1801a64a3384c2413166661e7d2db8db6bf6de7776168fa1d06b9da6a0ded7e0bab5e653aeebe5df7a5f9cfa5727765466b1b6b396ec39f99e49e569b4c761aea30e230b5d918dd7ccf2f17393d4f45a7e8793b7175db8d645b37b4e47afadb3232519eb38fedf51a5b94bfa8c8387d57a46af4c3cbb53def1dd3c9af4de945327300ec88a1ec3235caae9eaeb30d306be87138fb388d2747cbeb5c5b2acd8d77dd0ebb7de1fb96e753918c616a773a2d29c868771a5f77c749adf100836310c894c120024d4d53593132cfd8eebccf5f997d4ebb3d30fa3e5addf1f55d9f97eceb1dbd1cdef32be7652969861721daf15789f69e61d74c7526bf0e93b6b38bd94ba53070e635be6bd1f19be565b8b917ccc6cac78d31f6da6b74c7bacde4f379b6d971d9fa2db1c58ce3d18a000000004480018868062200000030909a063800249271245a126a6a012000000000000068000000001a700048004a32466ef353d170f74b53d1e939fa39aa6fa3d5f2c439a964326253c8c7a5e391877cd76f99aac8e6e8869b37077c727a1d3755cdd1978fbbc6f3bbf8ad4f43cffade75406fce4251988b098b763afd9e5a6fb69afd9f99e86173dd173dbe3a1513d1e16802ea6e3d17d2bccbd2f8fbb3106538bceeff009299d1f2fb2d074f242b8e46b5c38ee2b4eb336948edb7bc4eef9bab75451b3ae999d4697739ce48929461e5e24cdd7d37221add8eae6bcef05dc70dd3cfa7ca7d15aba48f5b894b72b9af2748d9e764ec31e88ef3073f38b7072b4ea72fc96fb9deaca39b816574ecb7bc26d3c8f7bb1a799c4cafd0f3dadd6fa1e6bc70f43cb009818e24684b0512c01008104c2d8ebb2e9a76bb6e7f7bf35f4b7eab3f44aea31abc7f7fc3d86569ae4f67d8f9c75be47a7dadba196bcf99c36c398eac3032b07137c3a4c4e7a9bd7659fce168edf1395516cec3ade996565e16765a4f1b33173db5f4df67472d56eef2f0d394af7ba7db2c78590d73812421a04d00c103921a060207043400001206860406348c5129353080980000621a1a00001a0000000000006a0da06025493361bde6f65c9d7bfd543031db0b1e70f43ce251cb32fa7bbb7f37b793d1fab68f1dbc768e839df57cfbde3abd252aaf371d9737dcf97e8e4e2eeb0f87a780e63b0e3fd6e2c711d9c620445a7317edb57bde7df77b2ab61e5fa1a5e73abe5fab9f9b19e97021b15f564a7bef49f3af47e3edca8ca394e0707de79fdedc6e166ec3ab931ba6da75187473587de6267a793f3fe97c0f4f361e76aecbe5da767c27a0f374e665d0636cf3064b5b8d745049568c7d0ec797d69abe6b3f5bbe19fdc721e83cdbcb077d85cdb79ed1b2d6f7e3d86e757d3f27555919f2ad34dca777c9db3f38d76e74de872450ad59d98ea2d930a14cd9585a834d034e25811226862721a200204d4c128c8da6db9ab797af7faac4a90e0974f2ce7548cedef319bcdd5d9d9cf6c783becc4cfaf4a6ab0b6b8bbe1a5c6e82bebe4e78d860699271cb31a5b89c5f5b9d09e3b5f8f7d38ed8dd468fbde79da66e659e374f31c5faaf2fd36f2dc5e9b41ee79d8cad87473406a6a860890446800905965671d64d4563530d00000d3006369c588ca22053500002400000000000003043400000302000301208277e2b89c9a608104d4da6af614b7a6f61c0f6de37a7b0d6e5f3b13c2f21bfe7bd7f3c11b62f330f6d5b75bdd683b0f1fd3583b7c0cefe79c3f6fc2fa3c98e076f10081a666f4fce75fc5d9becd597e5f6e8791edb8cebc3961cbd5f3a24882c8a2c4fa07a3f987a4f2f66ce2471b61715d8f2d3d1ca745addededd16cf5bb0cf1b31edc1473fe6fd9f03d5860d90b36e5df77fe59d6f3f47a055a9873ebb27a0a6d1d864737b9acec2b644eab95ebb92db1e475d9daeebe6dd77de67d7f374f638187aee4e8d26ba389ddcbe91d679f767e6f6efa58b64d4e7f6fcbd678be6b77a1f4f8a09477c5a14c0d03012c018889620620620620620044c4acaefada53baccb6c3a72b16f9d625a653956d376560e452fbedae836dc3dfb2a68a33d2edb6afbbd73a72ba19db3e0387f70e0f6a79d76b47a1dabad3a839f4f35e5bd7bceed6e7213224edb8fe939efde5fa1bfcbdb3f4966a29d3a1e6379a3f6b831eabeaeee0a63742f481242053513429c2c32726acce7e8ab17658516d74670e9e50188681a06e2c91169945a129242729952ba040939880d240000006000800000018983441a6922043681a188015b58747d6799e572f47a2f31a1c54ce90eae74d130f7fa0dde57f51e9b90ea3c7f4f334db0e3ad1c9725b1d5fabc008d7169a1ca3336ddbf2ddff0099e8ecafc9b38ba39ae1bd1b80e9cb90713d6f326a2c2ea3253de7a2709e83c9d7910b29c75d5f2bbde1ebdb4ec390cceae6f4cd971fb28e7dbf3f4731ae14e85e55f38e5f4bb8e3e9e073ba4d4ad9f5e0e15e99185afc4e8e7ecbadf36ec39fa3b59ea2dc355c96df93e9c34d83763f572cb67a775b74d8ba78d2f3aab34a6f3a7e032f9b7f4c9f9c2c36eeb9cd0e2eb9dd8847af9c4135018868004b000000000000000040d4c967d1bec3784f7d93c7ddc3ebbb9e77b39342adaf7e44cbcab2367b5a6ba9d8e7cf8fb7068d8e1d6d97e8be6de837a74e4654ac790eb788b4e3f75e75dfcc6782a461f9c77de6b6d341b2d5f5f68da6fb61b0cda4d2f6bcf56dc26066422fa5c3ec7075c79286c307af9210b21688a94484651b51a04128865e5eaeccf4d8e25552520d324c01048000083000009c6c2db96c329c33a1cbadf945d5e0eb9f318dbad45e2b0120000000000000d30000080024010021898268018260020024300cbc3713ddf55e51b1f3fb7bee2f5dabd6918076720d03403be8cdacf5fe85c977be47a590ec6697cebd2fcd2d3c303f57cb4c90aeada7bff41f1dedf0e8eeb1b598bcdd1ace0fa0e4ef6c1d96af6fdde675fb9d6eee99ea793ed78fd39f99e9f9ced79fbbb4da2cbf23d2d5733daf3d78e1b43d2f2de8f2e0d647ab9b63d1f25b1cb5ed0e5ebe7db69a1ab17a709405a66a2d0340d32249444ca2a249253568620000069a40000004310313000010003b6391139fd773bda79ddfb8db3da56da9e73bac5da9e1fcff00a4f9f767247b0d17a956cf69b79f2f4f39a7edb4586bc76ab7da4ade9ec38dd9ef97a764f1f9758da701771fb65b6f41f26ecab7f478f3b858697f9e6c79ede92eeb82eaa63d4b279fdbe4c9d1e57273389b2d6f5f96d87474eed9798e0fa8adb3f2dd1fb77277af9255b8d3f473c5357a0090c0900400434d0d0c432480069c1300002706666fb9bde61af59b3d3edf87b5e8b7fca6f8e9b479bafeee48b44c000d3400000000340c0800240609824d20680000000062621a0024d0c1c41a0000680000d8ebb2eb3e9fdcf9bf7fe47a5b32ba6635de5bd879b6f4d7c9e5f6f0e359d2e6f36fc5d7d268f5a53b7d23d69dbdbc9ec30d6dd367eb6d5c4da6af23a31eff0075c3edf3cf69c967f3ba6785d5f1bb0cbabdab67e69bdf2fbfa5e6b139cbc479bc9d677f25485b672b29664ac77098ad9455aa26956448b6c409224a6010800068189a52620609010c01a68400008040c009acc898e5e5e761baeb39edbf1f6f7bb2d46ded9909c26bc17997ab79f74e51f58f33f4bacf44c30bc745bde7aba729a8da63537ab7d91d5eb8e968eb6b9a790733eb7cb74e38bd9ddd361ae874bdd60e7af9269bbae376cf176babcdb53acd9f2f93cdd19bcde46a34a75be85e5fe9558dab428002d3ee3469f2ce4fa8e5fb39e099ae29492066c93816769b5ae9e655f7bab98e65f75744f9d9d1682d9d6c1098000000031003d96b2dadbb2dbf0f97c5d7d072e616f963d7755d1844040049a182188000620060400120080000624d000340000000d000480001880000000002700e93b8f28d9f274fad69b85c1cb5da73a43b39333a3e73b1c74ec763664f87e972bc27a8f9df5e1ca45c3d9f3b2b2b5f6d632b14aa50891b3332b52e6bb3c4a40128be5e669d5676d878c916d68b40824c080d4c9df4df13284e1135c6558d253024a4d02131898002189886869a1a609824004d3424c10c13245dbfd6f59874dd9fb3d8f175f2d8bd3f3913d2753e4bbcd73f44c5e4a9464f37b3516c0eb34427d0aee2b6115de7331d4535a251b69af4fd0f2dd1ebcd900ad4c0d1ed39fb5babcdd4ed6b575d98d0e4b83f40e2a75d1df59d1cfb8ccd5ec30da8d3ee3556acfbcf33d95e9ecb2f359e1afa0e4797e4a7d0f8dd47397a626b2d87671c15a5ab5930b7bce3fd4b3d7a1d8592e4df5b83d0426706ccb2b3c2f98fb4f91f561ce1237e645b915be11b0c789c75257cc0001a50087655389bdd4eb6554ebb56205a18989a0680001880000080d30040c00000434d00034c10000c43520000000130013000000681a0000c8e879abf2d3d7b75e49b7f2bbfa9f3cc9e73a31a145fa3c539d7284a294945a0132528492e2d093481304304c6224031a6565442e8d6a26502330d22601313001894000081802692031304200004802000000ba19113b5ecf93edf8bbba1cc864f36dade67b3e651e71859ba4f4b876399a8da9d46eb43b6e4ecb7579d556daebac84590a116c8963a89d96f38cbb4cfd06ae2b1ed96eb98c4d3eb9fa0f57e31d152dea383cc5dc1dd91cced74b669eac9abd0f3efd8eb73e96b35bb4c18b6a619156b94e75baddc6354d5e3ce1a671bafdc1a65d3534b7314edb5bae591e8fe5fbe8b7b75de7399cdb7615f9e5333ea91e16bab61e73bda6ee5e3d95559d06f33771e6fa1a2d3f77accade6d4749acf77c7d61938fbe0814c342431226441a10c40d343412018268000001a700010c0403001300010d0d00000c5268000000000000000000000000067ffc4002710000105000202010501010101000000000100020304051011122006131430405015706016ffda000801010001020024a3fc907862aa609249ad3e627fe2a0f64fb767f8bd001a5bc03db5d0cb1da75a9a67bbfe1e10e0ff0048200021dcf6087897ea97ff00c4021c1fe80e0104124ffc682ecfe36b7f87d75c021745be1e1e3d75d7fc53bfc2135b4a97f0991b2abaabe2218c829b32ff00c9398fa324059d7fc7da2b438d43f82d156282b4b5ac44e6d58a8538689a3353b55ed47203ff002089b9f5f16b11fc062a86092592c9228b33d9135c6736d5b52a29ad6406bbe22dff008a8608be916015db97165b083fc0698658ed3ed492f749f4676da92ecd7ac5bb32c8544d8637453b241ff130238a0a31e5bf2e7a6e655194ca08a3fc10e12fd50f69aceab27d59ec4d69d3c8f7710985ce7cce911ff890114746950c987226c8d2ccb75aa8ca550947f880b1565541564cc7b29dc466391d2caf79ff008884c6d38326950a71d692aea52d6ab1acc92acc51fe23445155af5a174766196bfdafda3ea1acd81903a0963737fe22142dcd872a0a8c8dae668c7b91c8ea366bde47f86043154a9528c551f5e7acfaada829c94df4c5365492ad88266387fc41aab37323cd6d64c2e76949bd2587c1623bc8ff000406c51d5ad569c55d07c92cb2ba46c81ef7a6c4c824af6e0b2c78ff0088315419833cc0f6cb24fad7762dccf6bc4a8ff000862ad4a2a02b31f1dbfbd96e4b70db6dc177eee29a031b6465d6dc1223ff001062a8739f4e686d7de5ad1d6d3bb65c793fc060a8da6c53cd35afbefbf7dd7da36058165b660b35ad45664b372cda91e7fe20d503e958ad78693f5ee6b5dbcf7ff1186b495acbedd8b534c5e1c5c4f20c5241623b725cb166591c7fe20131d0cecba741f7e5b4e7ff001416491da371f3970f40033e9901cc985a7597cce77fc4810efaa652f27d48fe10779f977d829ad8608e9bea4d0b877e5e44ff00c501efbf720ff1020df10c11c71d6642d9c5a5223c77c8ff008275d75d75fa40107f85d3590d68e83731991fe4bb3c31b3cb62795e7ff7a38ebaebc7c7c7c3e988843f43e8b61873d9872e24d48b7f38152b393bf8213590434eac14e2a4ca2fab720b8e7d97d87c84867d1fa063f1ff00dc35acaa33cd2151b45998dc76623704603303ff009f3f1fadf1ca3f1b83e3767e37a7f1cd2c8963fca046cc7a85391fdf02182be6c1970538d9096ba437dda0f91fe4057a9571e3c07604f89633e488ff00ed9a333373fe363e2eff008b9f8cb3e370fc759f1e6603308620c7ff0027fc687262aa016dda5f22cfbecfc3d72d15a2c480a723fbf0b736a52ce6d19619246dc65d92edeb571ef1e35e2caa343362a0fa16f3f4a85dacf67fed6ac7f1bcecea1f44d6347ec5b544223f0f0f0f00deb9997c9ce893ee0067d33196a8db4a2c861451fdfacb20544e75a92e5875b65d7dd9eccaee836a371c522c2e364e92d11303ff00b5ce1f176c3fa37a7f92dcb8ff0066b63862a628494e58bc6114199e1107f78281d9962a5d7ddb776d4e482e73cbb9aefccb94b463d07e859d2bf7ee4f238ffed69bfe357a8d9fc7d829cfb3a5b1bbb5a4f77ab441154a55b3bfceb746e40e102cf54ca28fef04c35acc1a6ed59b41d6049f50c8e79776105059afa8cda7edcdb135f92627ff006ac763e9e3ef57d98eeb6507d8a7be4b72ecdcf91697c8af6ccb377e8146da55e85382aba0becd10f509a2fad3a28ff00384bf5bea0787f9979728e2828b72ce57f9cfad335cf2ff002ffdb0514b4f5a9fc8b3b7295d89e3d8a9cea59d3d9b3b535b2ef668aedcd868c31b255a52684af319ad345711451fe0f7d8707f9f97718a35e8508f38e64b9b668dead3b3d4ff00ed43a0971a5c97572df62a65b8b64b8fb80d15465b6980acbf567b929735cc945828a3fc50033e908a087360a1146dea6168688b48ff00eee158ab20409bea4932adc5b49dec101d0555661aaf32dc9f5279de810ef370723fc4688d8c8841f4228a81a93b6c9b735bb76efd8b0f3fc80baf10d0cfa7f4cb7aff00c542b0d648850e7b24b8994ee1da27d8203a55dd9f357b4fb976f5fb0f3e8e4e47f88c5128c824b5f0d987446abb5e4d59f46c597bbf9010e1a1ad0c2c735c3ff150ac33906143924927b95dbafd871f509a9bc151bead98f425d2b37a694fab9391fe234b1ed944c67130b1f746d9b6eb26673c9fe0841a5a790d8e0fb57c2134824b8bbf7baebaebdc7e4ebafd489623b25d016f253897174cfdd9359dea13483d921cc94597587ca4fa94e47dbaebf74383fea7d4fa9f53ea79f97977fc36800821050475ab7d9d9ad2b3c83cbcb89fdb0800df0f02c2d23f375d001be3d11fa51ac67643ebb9a78717b8bcbec49b92e93bd810eec9efbf2efdfe83e0737964706733165c89ab7fe2426a1c1043055159355b16915e5dfee84d0d686f89696907f380001e25a41fd262c9763beb39841edce91ce7b9f6a5db96f3bdfbeff233367cfb359ed51b32f2f37e3d1fc76efc7f6322cc3f9baf023f375d75fc609a9a1b1185f1f55df5a66cd6a7b0f2800df123f6c26a6203a21c9dfa01350e08723fa4c596719f51cc2092f74ae73defb726cbedfeb32adbada104ed5422f8e67d3a6229ebfc8286c41f960af4b059f19bb8166afe503aebf8c13146226189f03e00a2b22e4b65ce0d645f45d1bc1fdb0989a8705393bf40208705391fd26acd58cea8584125e6673dcf7db7eb3acfeb46cb71e9b2c858edf8d45184e1bd16fb0fe48db83979380dc8d7c5dfa0f1ee3d07ef0fc813044216b2335e6af3c4579f6d6470b222c90489dfb4104d4d43829c9c8fe60806803a21c8fe935672c634cb08e1ea62e2f370ea9b1fad1456e2d765a0b197c653382b757c853bf2536fc5e0acc57dbf2864ff009073d78f8787875fc1098a37c32c52fd69659cbc78c70c75d90f523a47bddfb6135350e0a7070ebaf1f1f1f1f1f1f1f1f1f1f1f10d0d6b5adf1707a3fa4d59cb195351a1c48a74e4f1716aa9ff005a382dc1b305d62c85f1a51f056eaf90a77e4a8ef8c5aa93796adcf925c95df882003434304622fa4e8dcc23f77aeba4087b268ec8b2e9def718e3af03607b247cb2be427f547a84d4d4df420b7c7c3c3c3c3c3c3c3c3c3c3e988fe97d211863410f0f4efc3d7e06ace58caa28d0e1ea66b9af6dc6eb0b1facc8ecc7b5169b5638f8d067056e0f9107023f130e2ea66fc8e5f92eb7c874effe308200000003c5d1be27b08fdb08047d3c83db2fd532030281e259e59e57c84fed84134b483df68ae80ebaebaeba0df10d0d0d0cf0f1e912f2f4ef6003433c0b7ddab39632a898414e1231f1bd975bae2c7eb34d93b674f8c65f1a4de0adb3f214e1d75f8a3920d67ed4d789fc6104d0d635818d6b59f4e48a68de11fda087051f5efcbb6989ec9bee25b1249fbc10208707f979f979077977e5e41c083df9078787791779764b8bd3bd406b1910aee81f1b9becd59c31c544c410443dae648cbadd9167f598fb4fda9345cb25df1a92229cb75fbcf3f8c21fa2130471c70880c5e2d5dc8665223fb6103d93f8026384a6573ff80103d8779790779790779797907078779f9f9878787f979768a7023aeba018d8990c2daf2412c72348f562cd190daa189a82e9c1c251796d2b3facc1686d8d0e32d7c6543c396f0dd47d4fb043828fe60a25088800f0e3e7f55f2caf79fdc07bf5ebaf4efbfe0843f00f51ea10208e7a2d734b3c3c3c0318c85b0340954c250e6f5d75d74c196325b5835353787272955f5b46cfeb319699b71e9b56437e351c6115b8cdf61e3bf61c043828fe3ef8063745247309df33e63319dd33de4ff0006b190369fd83a9180c45847f04003ae80ebc7c7c43437c7c7c7c437c7c7c7c7c7c4343400df1f12df0f0f0f011b191088f9bdf2a9016f878781678b0658c915d35353787272955f5b26c7eb30591b83578c65f1a4ce76d7c89391fc41028a3f9c3992b6c7dcbac3a63279f977fc009a228eb568690a33519aac90c8c703fc0e900174075d741a1bd75e3e3e3e3d75d06868678f880000478f878787806063434f9973d3816f878f89690c196b29574d4d4de1c9ca63a0764d8fd662b2b756af18ebe34a3e0adb5f214e47f075c03c1fc9d75d70081e25bd75d75d75fbc13140a9a850339b06632a723fc2087217400e3aebdc000340eba038080e8841003d0a208e914514c596b29574d4d438727299682d853feb30d876e2d5e3197c68339db1f216b81047a00d8c42e8c8fca0001be1e1e3e2c89907d07c259e1e1e1e05bd7ef34c4fab3c36feee7b93d99267bc93faa1a22fa3f4bc3aebd420870101f9020821ee392bb0411e8514514512e25d19ca5942b86a686ae9cd73656683369b3feb324b12ed49a65632f8d26f3b23e42c730b7c7c7ae808e382b0a935791847e309a9a00e884d10b191964ac737c7c437c4b4b7afdd09af8e765c375f6df3193cbbfd101b132a459b0e33308e24b913507d72c23ae42087010f41f84209a07e228a09a87a94514539389312c9594200d0d0d1d16b9923745bb82c7eb326b536c4f79eb20fc69ec28ad55b75a6a8f83e8988b0b40aeca907dbda82c31c3f1841041764a6a84b0b9d2bdc7d0a288f43fb6083d924fe9815aad4c8ad855b020c46e449956726ee65ba5342e1e8135043f01f6e8001bf908000087a147829c9c8889640c96c0c6b5ad000e9c251a4b7158fd66b2d8d76dc05661f8d3a128abedd2a96284b48d37537d392b18eb2a642b62d27727f0841040f7d82d5106b9f23e4f207bf2f22eef8289fdc081ec9fd4af1e4e7e7e5d7a11d4640217579eadfa9a15ae47283e8104391e83d47a843f077e7e7e7e408779f9f997f997971249447855a98f9d9b521883001c14e329d25b8ac7eb7d0b50ec417d8565b7e351c2115699720b15a6a86a1a4fa16294f0466ace2cd99ec3ddc9fc21043d1a9898897b9c7b07c89f2f207b451fdfeff502cd8b0a9d4aac8446181bd48cbf0eac7a065777cb504391e83f00e021ee4b9c5ff53ea7d4127d5fabf57eafd4fa9e7e7e7e5da821c9cdcbcaaf55b1f8af2f22e7be5934e5db9663faa5b69bb234d1590be3499cceada9948df06c4e82cd7bd048a39c5a92791e4f07f084101cb530b5c5cf2e3d83d924f60828a3fd468c68f0a08230d000e1c2e47b106ab643c84d41043f441efd3b79739cf2ff003f3f3f3f3f3f3f3f3f3f2f2efb69ce6e1415238c22a47ba7fb875992dcf77574352cbcfeb5a5b4b4c95927e3463e6cbaecd2d874c258de4d85a0ad10f12191ceec707f084d0010474087890c8e7977b02177ea19e1d7ed78f8f8fa067d2f0f0f0f11188055fb37562c60c18f1228da07a15619a95b6eacece426a6a1e8391ee3d821c94f4f2f24f7daefbed77d8210e41ce970ad5496377723eee83f5ddb12ed49b5636afe9d89bf5ed0db1a68aca5f1a517379da7665b9f78cb715b1667b17a6b278ef81c107f03530323101aee81cc5df97687af407b415a0cc18cec2ff08617f85fe17f85fe13f166ce7c5f9c20037c0b0b4850c55b38649c66e19c3931e1c9af850fc73ff99b1f1bbd8cf830198cd67bc82ec5bf5afb3909a9a87a0e47b843d5a87253d489ff009021cf704b93a799b75f5c69e86ceaee3f65db0fd57693ef49393faf656d8d5e3217c68339d23b32cb63ee0598ee36ecb6ec4d2923d1aba28fb84d10b20af1d3fb09a8d8ad2339082ebc7c446213111e91333aad1cfaf92308600c0ff03fc0ff0000e04df1fd0c0d3cd919f9826863431cd70282cd828518a84592cc5762cf88cc9a79d05014a6ced8c7d4a382324b08f678b437c69fa04d0d03dc7b8439e80007243d489e8fe3087a770d9abb107c847c92e6fdabc653279f977fb01d65db4ed52b217c69d1f3a676cca89f21209dd33dee47d0068e9c0fb84c159952182b8ad62addad66270e02680df16c70d56d29a9cf111cd65903360ad59b108fc3c3c3c3c1d0dca7bf9f7e2fcc13046c4f2f253164373e2ad5ebc022fa52c0eaf5e28dbd386943bd0e43b22589cbb5df0e5757c866bef3cb43406f5ec10f5ebd02087a10f1207a3f97bef90e127d732f7fbad7d976d3f49cb31df1992028ad43b0d9627b4f1d924b91f409a3a7077a001be3d46298a4caf1b6296bdca57a8cb58c45a1310e206d381b5acd7bb13c7313b1ec623e103dfa999f2187618baebafc4d51a62717b9c4a6ac6596cad1c2c0df17b5cc8437826fbbe42ece931a681e1de5e61e0f1a47e472d871e1a238990f816f5ec10fc210f40497a913d1fea35595b43442cd6fc6595c22b459a556c54b31488b8bbb24a3e8d0c6783daf078098034b488d52141b5a38e135a7a77b3add09ab4d174d40f759f4246becbaf993d72a6f8e4b09fc122f90adb0baeba23f0b53102e2f24a62c5192cacc8da02734c6c63427ad276f9ce18c20409717b1ece7507c904c8a02ad5ab93fe459a4f69f5082087a8f40821c13e7e6e7bcbd1fea35585b2dd3695923e34c8c716d97e2b715f64e4bbcbcbb479018d863314ad941e02626a28a8d5219e2a470c7f4e48ae437e2b2cb0d7007bee27d4b2cb93dbb72bbd7397c68d740fbc8b7dbb55bedbedfe87d074259e3e020fb7fa1f40c69a9a43dcf71e18b116436bb1838ebc7c470f1a116f439d1e4b20413d3946a3438d21f266ce8aaecc8a34f39d9da99f7613ea10410e3af6082089738bcbcbdce71fe3f5d75d75ec100c360ec1d225649f8d18f9b4af9b8fd07d87177977df1d00d0c10a72954a9dc04d2d71728d53766be9988a91d765d09ac4b3b9c8721452b6cbec48e23ae73d7c6941cf60fa386852bdf1f3f183f18ff00e65df1ab1f1fb59429d4ca83007c6fff009977c6ad605cce40f91772c588ec57574dfc055b67c863a6ec9921702e2e31ba23c68af9299d159e30e28230cd68b5587d3ae80007a8e7ae804e4f739c5de45c7f81d7b001be1e1e1e05bd7a35ac8e35656cad14565af8d28b9b874ac5db776795c780820ba0d0d0028e432c8f90bb9043bb06335e4cfb346dc160d8b1734746e5d9259094001d74107171f6cf5f1a55d0e472175d3a3350d1343fcf767d9cad4c73959b975a83288a0fa377376f36e43ecd5912e259ab331e1ddf7df24da77c8decb38fa156e36c3ec3ecc76ebce1c5dab3fc8e798959e705576786bad6279eba000087a8f4e80e9ea44e24f7fba00686787816f5c80d636310883e83a17b1c39018d8638db61bb2cd369592be3223e744ed58b56a691c88e800020000d2d2bcfeab9ee27d82628df5ac53d0afa6ed3b7a972e95f46485ec438ebae3aebd282f8dbeb381efbf2f20421ebd74448cd08248293200c09ea75beb48067d33196f8f40529b1f428e843745cfbcfbc16c5913895d2de9fe433cb3676952d88f61daf26bb7628ec57befb7b37f6acc9c678c1558f7accd785ede9ac10fd03178f5ea10e4200891489dfb3d78f5c80c657cf6624b912557b1cde006b58c8e36422130c91ccd7f2134462b8619cec9d525649f8cba3e750efc933dc88eba0104d4d0d6b9af0e3df678e831b1b6b1abe0131451c61969da335df3823fa534733081e9d01d74411c543f1fb346c364f32ff003fa82463da7ddeb45d6acd1b95e764bf56496f5cdcbf65cc8840f81d17d3f02d63a95ea7b30ef377ff00df1bedf9033e435f6e0bc67bcfdd164432c1799a8750e90bf9b768dc759d57e93640b3d612ae82becd782789b1c15d950d496bbe32deb83c0439081522953d1fd0000f1eb800343430b0b7a018dcda1938317c76e606ae45a81e0f0d0c6c6d898c68696ca271272d4d4c503a37d893666d27959aef8ccd03915b126ecaf28b0b7ae0209a5a5c644ee480c86a45975b0e1f8f4f817b2dd153a95729f9372a4c4be17577f94ce9c9fc25147880621cd9237f9173a4758fbd82dc4f1ef22d43a53e759a32c6eee576abf5dcd51358c958f639ae0414d7c7659745ff00bfff004068b34b2eee7bdaac33721bed0438481e140ccd82a31a3422d58a605503806a8eaead465a8e18ab42c85f1586ca9dc947809be838914a9fefd75c001bd1080680df120809a1a03434870200ad1fc7a86652025876f3b66b488a09898a21135ad008944ea54786a09aa3311b47655fe28af8caa9c3d6d2db11d5ad8c306ce34f548e016b9af2f738aebaeaa57cfcba98f4f1e3cdb19db5976aa6452ab424a7ab4b422298e86716249e493b1e9d748f05141528b1ea518a3680e6ca2cc93ddcfb949edf778d48f521cd828c3133e9cb1dfa9b1426644f64923def738f0e0821eb1ac759a98a65b8b4780826a60ac338d72d37dfaef9c959e304567075c5a8eb26055cc665369f2389e0a3c00de421c48a54ef603c7ae806b434b48e80681c3914135350e097229aa92f8d36a8e368efba52826a8d44a10c6f8b84c2752a3c3535353146db2dd88f45a566b7e331c01396b45a5433b1a9629cbd0c9d7ce9e33c761c1fe65dc81930e5d5ad5ebc218f66d57bd0e2470b1edd58f5daee1aff00ace94b821cb5a1858e07d02cb6e3c55591b431cc963b915d8f316721eee5a0b48671aae84a90d85b8af39928b0e9dd2f98288f1087ab0e4cb993b25b12ee4f79dc02d2c313a8cf52c7d7d0b7a33ca5672c255d057e5d5b134b0c904ccb13dab1397f638288e801c741a0752a95382eba4035be25a400d01ae0e082081ec94135040f912786aa8ef8edbcfb2a5937f4762d3ca098a35128537872995852f2d4d4d4c6c6db0dd866982b317c6543c157d93d3a14d8c22cc7b75f4227b7907bec21c058ab2c576c21396c0d338d3c133e5d59b59eee7be02053546d0c2c918e07825ab25639ac584126536dd7dd4ace55b63fb5df04c8fd3b5a97685fa3a10de17a4b776fecdfb728779f9f902d21005a473e3e21509732e4572cdcd7b164f0134b0b1d4cd3717682ba9fc678c26d6046b3f52673d8f8e7fb996c39e1043d821c041152a913975d70d0d1d381413104e4f5d841125de4826a0bb451e1aa23957f2b722ddd1ded9d7b133b8098a3512893787198cea4e026a6a628c46276ecb354159abe32a1e6c87c75d349361fb074a395bd08fedcc4426a01058ceca35d45c396c2da7675da9a8fd2d1bb75cf69f50870c3116a2240f0e4788e3cc665495a68e512ba69e7bb6efdd65fcad9abb6dd7ff586a3743ef9fa16b5b5b6342ed7b957619be3e467e436f72e5f27d01696a6a29c3a6b6380557d67c75dd4678ad4d6341f3f2104d519a2daac6b6f43a4c77198cc264089d86eaf00890ca64eda5a87a79797987873482e32a911e4f0d4ce1c9c826209c9fc0e0a3c04137d0a3c353547256d36ef5ada9ac389e02628d44a22d3db8cc675270135353144226cedd966bb5cb317c6445cce264c90597ddb172f3efc36228ab54c81836f1acd521a823c643b25d58c3c396c2de51cf0690d29acc8a46bfd421c3546f648647bdc9cbc19055a74e9d215e6659fbb7ddb57b4342d5b3357bd06cb37a1d9af7a19febd8b7a1a176f3de849f5febfdc3a5f60826907be22641132192b5981829989cf3794dc001a19e2c3424acf63ef49a6e77194b0d423ad93aa51449779b5ed735c0a2892ef3f30f6bd8e692a54f450e0f0d4de1c8a6a6209c9e8a1c1479087a14786a6a07b2fed1616a098a351988b4f6e3319cc9cb531314223339d83b09cb2d7c6545cd8566474f35d9340da91f6d93c1999f9b92333432b633e660411e325d90faaf8084e5b07793935f1481ce5227a23aebae80e1a43fea1792045056a5528c55191077dcbae3edd9b175f2f0c4042da15e8d386a3eb5aabab5edb4fe0ebaebaeb809a4730aaea20e6dc6aa8e8def7dd3370d6b1818e615566ab685cbb7ae4c4acc384600e1b4b4f829c49ec1696169ecb8b8927c8398e8cb515227a28707809bc3914d4ce1c9dc0e0fa043d4f013504494c656a11e34f8b66878b13146a32d3e4e74a662fe5a98a25008a59e4d89755e5673be312c278b6fbb6a5bb66f1bd15bfaf2b9d1e357a70f8598be415ef342ec9ef31f953539ab3c17bb61fba5e82639b217bde486887e818bc3aeba63040e81cd508a7054ab0576c6592a7b9cf26565a8a68dc2301b563cbaf4e0631edb4360dd24fe0ebaebae800021cc4fad2c52c93da97baef64ae96dbe54d11b59188dec9030c339b762c48f25658c26c249d966ab139383874034350779979712574030469a8a95488a1c1e026f0e45353787277a1f4087a94504d411e28c1979f5f3a7cad4c8bd4c06261616bbc8994ca9fcb53144ab36b4b3bf65fa4e2a91f8c3aa94e3a73e8dd96fd8b9f7505c8ed3646371c555d4e3e44b478ef8a52665ba57295964b2cdb363665770087990b9a21863aa6acb5df19680c8eb53667cd46cd770aea82a862707ba495f239ce05cacab25e610c6528b323ac1aa476858d7b7624efd071d75d75d01e21a1be219e059d452c765f66590ba39593ba79e529aa211303256c8d6b1ad2250fe00ca186a2e3556a44f85cd734b7c43405e45fe7e5d81d00d0c4d25d239e4f2786a6f0514133828a28707d021ea51413796acb6e532167869c3af5e48da985843bc8ba474a5fc04d4c508aada8663ae349a5501f188eb04f5b275a69279242f8e5af2d6310ca1538b0be44b4bd0a8a4a976969e6e9c376c5cd8bda1326c5f6ee89c1422bb626164ec9411d56650ae219a1bd0ce217539eb5a8ee7de1b8fb2e98c81ef96d4d62526051aa8684b04e2c59bbaba37edb9de81040788678f8780608c44d81959948679cd7669a06bb83892d7091d2bdc982210a0a54f6b1ad6164cd9001056cbcfc8ad135cb445c826a93c0e616f8f49c4bbcbc8105bcb4870797bdee7123d020514504d5d924fb843d4f013504534e6cd936e09dd3e95bd192663934b1c1de45cf7485dc04d4c502a82aa996b1d324e71f8c183872db1b49e5c8a60ae2b189f92eaabb9cfc88e97a15db2582de65faba162ee9d89cd6ad572ffc8b59d3c05b19af245299a7964793dd47e7cbe733efc961cd7433c375ba1fe88d0fbd16858365f6ac589640e85cc921b352fc1a4fd2bdab7efcb27a84d40001be21a18236c4c822ab0d2873d99c331d97264cf976a8cd1390e0a200628944827a7860687a9dcf5045979d9d9552a08de2f0b0c9a3b8d7a3c92f2e3df60b483e5e5e7e7e66473c9f5081ec94103d927f0043d4f010411e209e869d6db936edea4b34ce796a690ef22e7179770135315754d57160ebc9a0f2a81f8c3ea94e1b2ddc6bd14d8a3ad1c313992e3cd45ead3be4325f5d7441e6375092acd24d75c59954a966ba86850d1ad23428a465875a92773fcbca2969dd65f9eedcb323d0789bee7ee5b65b65965b65d65f66494b9a637893eb32f45a874e7b72b8fb04d4d4104104d4d0c6c6c8228218628e26c5f45d5a7a97e8dfad2b50023fa1f483625170f45b140dad3c165a567458b569c1144e8e66df7587cf35c99cfed1453cb8f01040f97979797979124f63d0207b253535be0e61f71c0f53c04382576c9d9a03445912c8f2410ef2ecb9c5c4f2d51a80d47471da66cb6f22a88f8c8a9c15accde63c470d5a2cce96a3c325c67d0707dc7ef3ee00d0d2d703c315392b4ef9ed4b01c28ab4463bf16c4738f1633c1c0f3df71491cd24b2b8f3df7d821c2412998c85dd84c4d0e01b568c18a706c62d9a2e6fa04083e5e61ed7b5ec7c6f89d5cd73118cb085d48cbb0eac365ad14a854f8f7ff333fc72ce4182321111c75ab36b58ab7abbdb94311b558c6b8595a6fb766cdb9e72ff0021c393d1e021e9df7dfa83c8f5608a310c904acfc010e0705141043d9a58f12172017979124b89e5a98a135dec65966cc3a4c2b3c7c61b5c71a637dae14e2a35995ed56b910588a8f1706eb6d340f1707821050c90da36e59eabf065ad217df9361f32636388c5246f6f2d6d4a71664b99669be320fbf7df7c462081955f56b51c9cbab9873ee66eb675b87aebae020e0eec3839ae6188c2607c3347699723b91d86bdc6dad716953af85934727ec2c65ea63e8d24d2abb6ab03268b4a19db94b0cd52c4f360eb9d196691dc04c6f8b9b203c8fd589401ad95965a7d0fa043d0f210f7043818a18e9c94a48fb249713c0413544a27314eb606a02b3d7c61d5f9d33f202e349f41cc5655e698f0d9418196a3de86eb07043c38109a9af1279c2fc7bd4345d7346f69587a84461c2412a3cd48b2a8439b2e5ddc6b1892e44f4dcdfc555b4ab32a3e9d5ab99142cf0b11ed47a4debae88eb808001ad63228a2862863880331bb16954d082c996c3b5d4ccc6a7875581385f66db272c7892bcb5258586b68d0bb43360c66d54c2f5616bad16184d6fb56d3653359f04f1bb91fab1181ed7cb2d87fe0087a1e47a75e8142da55ab529b3afd378453bd02608991b2274e75dda65caa3be30fa6e456b3f7e47beb4f42ec5767b360fd2c58a9354e3762d262ed38169690820410a8cb9d399ef4d60b9ac31c85f23e43ce5c589521a7f632e5c98567e3da985a147afc015259c981ed8e4cdb3049e76a5da9f41c80e88eba003431ac6451430d78ab4559b0491581666fbda17e85a64b29d54c8b16ae686393dfa76b6edcd2893eac3366be842cad633aee1c38f42ad70c4e5656a8b71b6bb29c79cccc6e5cb9b3d2b90481043f275f81a6394589277bff0000410e4f2391c7451e02aa33995a3747accb3c147d1aa2103228a153ad85a49caa37e311d36a2b5dbbe1e43eb5b82f8b4d4c87219507528dc1aa8f2510411c85133368d0cd34ae67daa2f81d187fd57c8e3c0589161c11b3c7c4b1f0e9d0dfa33b02e88f50ab3f3ec436249a4b142fd5d2ff004ade86a5ab4881cf5e21ad63636450d6833e2a30d48ea7d0962b91df0f340e6188c874c558722a568d866b36f535b5746e1787030ac7666c31c22bc948e7b6b46d6a729c69b6d089b0c5040c81904f56e55d282c3781f8820df02ce83433c08e41f32efc4104383ec10e0a3c055df9f62ada9aeea5b99e8a3e8d50aaea23189c6bb74dae5417c61900e351bf2264abb6ba296bcb54471664551aa65bab5110d8be9108820f01054d98756b5630d8ada15278248658cfab5608c50cf42adb3e4b15d6801a63730b575d28cd59e1b8eb6f9ab4b5ee36dcb35a13c5231068686063638ab329d6cea18b0627f8eccb19d351b505e17d38506e6b62122d019d5f26b3212cbe745fa12d87208281618cd646c682d2c7b3a6a79956b3adcb14d04f5e68df1994da1a8cb6381f89a9ad0c2c2d6b1b1189ec2800d2d239ebaf60821c1f51c05d927963eb5987466d2b3689451f40627432c762274e759da65ca81f8c1839d25f2352f0144ca9153644b34570a65b8dd186ae5c383360dccc96228a3c0415058260444cb4159648cb0c901f462c27e2c8c3e968fc915e606b22fa2f85f11678f8f4146f8e71330c4223122d9639e29991c0ca86a3e00cab52ae7479d472e8e7b623188bc2683460d117d16d066788d4a6dac9873a2008b35aee5e9e3ddcc92b78010ac1598180732273db2be59e7d9b772cb2d457eb6956d28afbee4f634e5b44fe4628da18f6111b2389f14ec21a1ad2c7b786b430b1c39ebc4340e0fe0ec9f46b9b3997928fa04d2c904d019d6c2d245515f1755f9d25f241280228aad2af4a2898735f58a916c45267e5e3c3973e5eb63ea517828f215376258a965d359b576dcd2bdf3ba447d1ab1e4c4b304a1c0f6e7dc9778de8db1c517d27432c3230b48e904c731f0ba250888152ab2e70af0c70982c42c8f36bd7af157a7044df472d35a62e44ca74a8d589a6474e3219487043e3bd9fa59177326aa238a3c166686a1c1362596d7de4b7ae69ea68cf3fd513b2e41a506ab749f76f5895c7f184c51063650e5008992b2c829818d2d9014d4c6b637b24694100d608cc65bc1e000df023f0843d0fa841020c0c9dbad16ac6e5417c6057e7407c8d933032857a34455746e765bea70f5a0c8aad0ae1ae66857dfab6dae3c855ce659aba074ade8d9be6d3ac492b9c7d1ab3e4c6b556c3261319e5b376e6acf69a19126a70994a0823ae016ba192196195931b12d8b361925431a0ad161cc756312ace8cf1da95fa4fb8c767c191065fda3db239eb2154f42266dd8afd6bd018e18f119413482e74b3dfbd6751fb13ed5bd6b370bfcbcbcdaf8a78ed1b73ccf71fc6146206b19331e20108985a4546989ca545314418d91b32282608d8c89f148d28a280631903a07b08f5e80f143f184144255aa35c3d503f17741cdf5f2112b1accc8e8c4e86764c720d4e1eaf2815508ab637a0d0a9230f01051baa5882ebef59bb2d9163eb997cfb3cb4d43932d39d93bacc976ce95bd3b56e4714d789ccf248f25147d58f8a68ac8b86ecb6e59e296a588a7759b56996336e53b51d8af660b0273387f94a6f97320ab1d66c724765b2b9cec87533e929b87425bd238c071dd46563cc93dab9a3a9ab6b4dfa325d7cc5ddf7c04d7364323de4fe30a115a36433c5236bb208e68ee35ca351a729514c50a62954c8a0a350860944c8a3c30411c35e4af62378f409ad6c6632dfc410014324d26b4fab23d533f1896a3f8d19379f220b30e7b9c6ca9c640a7c3d68babc94c845581a34f4323473e462e90514b1da75b96773fcfcc3c3bb27b05aaa1cd7d496396596c4f76dd8b6e9cca64327d4fa85c4944fb07097eb998c84b5432b2d3ee4b604952dd2d1af7ead9af319a392201b2477e222b200291d71f3bdf2e33e89e49b33e8e868684f63ce27e6dca1a51e958d8b9b97366f6849379f97b821de64fe40a0551462c895b522af05882fc6f4c4c24ca8a6a8930c8654504c50b98f91f2928f11aaa2bb6617149eac1132381f04b19e4fa801823f0eab5ab1675acdf91cab2f8caa453ceb4fb761f235f9d2509cd89a591648a9c48b4cd6751238944d15aa9b742dd36d07d17c7c077993c840824f60855dd9f3d4b51db96d5ab576c4b21797f9f979797976493f8da238456742f69e22551f4df9b1d6aff6d1d78d888d16ce60b0db86ecd76c58b123e6c27d14387bac5ad3d3d1d39ed0207715aafaff00ef59dd9f564baf97f68281d55f1c93ca4d1657658669b254c2c797c8e29a622d7b9d293c34c6f6c8e7bdc51e23554c0eb0fb6f79e428d576c31cb1d86bf93e8131b1c2dacfaef656b562de958b2e2aa2f8cb6a0533f6e7d79cbc3e9d8a5785b75932e4c94dea43a86aaa2870f4f12b756b4b931e1dac6d0cf919c0e0a3c8e3b4135466b4f05e668bf467b92c8f0e44f97977df64924f7c8e3bef9823ab51b464a13d37561561a1050a35b26b410f881c3dfa76acd8fba7e8ff00a7f7c65b0f95f812d078e2d49a5774afd99fcd85aa42f93ee0da74c5ddfed8511aef134f3c72d07d77d8934df31043fcdce281639af2f7b8f0135c1e5e5dcc6aaa85585693bd028d5630ba67582fe4fa3040cad5d9527ad62385d3baf19d15517c64d5e2cadd3a87b059241759a22fb6de55cceb6d9a69b4a6a4a8808a79924925b062abf6d3d6d9a77a3410e0a2ba43d1a9a9a98e64c2c19fcfc5e1e1dc77df7d924fe1efb6aa2ca3032bc95ed57fb5a58f53e3c301993420670e74da036eeeedfd9fbd74f2c81d14824b124cfc3b5937192be6d2bbaba576f493b5ec7895f2c8f27bfde0a3513c4b2bd9253b305db17af597b81efbef8043cb89e410ef2ef80a355540ac0b41de813140627cae98bb928f2c5585363196996c42271784e8aaabe30aa7138de66b0241efcc4ecb11d9a37f375a0d396edb9f355308ab0fb375d7febd579331db7e89e070511c01c841040b4877930f6f73cbfd7bfcb18cf6e7b61af253b952a52cacc8299866abdc56ccfa5a9a9bc7e413edbaec338909258f12cd24eea16b27622dab3bba9bb7b4a49fc9ae6bfea3a42efd71f84262610e90f943332e49725949f61f9428cd5740e9dd6d3fd02628042d944e9deec558d22d75937142d9db7db6115517c60550a51bb1ed30a63042f8ca0e6be29e95ea57feedf2e51a7c157ddab759a715faba2cd2b7a5af7ed49c0e48e00f1f0f108700820f6d7fd47bdee71fd10226d16e4414e89ceb795066d08b89168d96e81b9af6efd882ab325f98d631fe44f97d59257a8a1af21d2b3b362fba4e0107b27f82134b5de6f7920890bcfe01ec175d75e8c35df0cb2c964b975d20a355db0b2664e1dc9f462aea9161b2ada85d3baf1b28aa6be2e6af0f5b4cdc84435ea7d94f5668d04c55194d8c0e594ea44272d13ba4d86df66ab36a7d7b5709410e4f00471c754d37c0e67003216558f3ce7cd59e5ce27f0f5eec1032847870558ba9227c503c15667bcabe7372b470e7f8e677c761f8e5cf8f6964bda1ddbcb9ee7d786bd2fb1b74eec7ea177fc3043bcc9fd2686c7f45f191cb542e8a47c931f16c5f45f1a89546c2c9d9643b93e8c55d5211b6c0b8a1b1358b934ee2aa9f8c3e9393d6a47b34db46b55305a86db0a0a16e7d7ad5be9c8b28d1e1cb496db1f50d17d4746f713df7d8e0a3c44cab52bd0968cf5e58de00a9520cdad93164cb9b7f3eec07f175edd063195d94461bebb9394ee85cc7cf3dfd1af2d2ae04913f3abd30248b7ea68b5aeede9e41a0c822115d835233fc23fae3d8289b0c1f6b3c2f1c851963dd238b19141f6b6207084528e18acc76c3f928f2c555b458c65a6dd11db92dcf3bdc5575f19543872bb1e9557d6627badbee38a0aa372a08a09239c648a0822b419a14a2c7387361dbc7b94646f0104175e023a352866c59f6aa5e86c27aad1e6d482a55aff4668efc5aac77b01ec79020ab1677f9edaf03b2afd0d417a5ba5d0c415d1a8fc99a9bd126663938fc86c6a4cc782f522f2ce9aa4cd76858d394fef8fda1ecd559952b1ab7a19bd02696b8bc3a050002e29156667c10d7b905e649e8780a3150516b45a17909dd3be425561f186526a22d36fc7704d68dfb36ec4882a0320314ca66e5b290455964b561a7f692d3b9475a85f85068606a6471d48a86650a54c41721d6165e4d16e6088427eacefd3b3a73b8f210fc7522cfa30d1751b559ee82e54da8b760d2a4f605686d9a57f3361bab7769fbf9fb8dd3bbb3bbad62661622250f55acd4d2ff0056e68d9948fd91fc562a429072d1163d1ad8ab7d94b08314904e6dd9b00d1666c1141760d28a61c9e028d53144016d5e5e5e5df1557c60d341156568bf466bb399df2b9788549d953b267cbe39b15508a991113436465966bc7acc0c86a8a4faa59521ab462a34ab40c2ae9da9277f74e4ceb305916e4d1b3ada3a7667f41f933866358df1d056a41332782ce64d9d3452f9685bd9b4e9a0d71f21b3bcfd4a7b8df925adfb778189468b6612f11c9f59f21451fef315475498cf7a5b1cb5b433e8e11f8fe9e35a81ae6cceb0e7c6b363cc82386ec3accb1ec144a8b68c7e171b787ad75f1834782ae3b5ec685bb1286c54db9726749042fa1760d0866ad05286020933126221d2496a5d7b1a8fab0d1ce1976b3ad419c2944c8608e34f7e95ad6b321514956ec3aa75a7d49efcd3fe8d29332dc53cb6746e599bea09629f3ae6768417a6d3d1d2b9348d903dc5fe61e25321734c462e26520ad4aae1bb02de3cd0147f6c7ef0f50a17c161d72cd97bb8a51616752cff00b3d9cddba87d2118f066556417a1db8ed7b0500ce8a8c061bb16837d6b0f8c8a21157d6ecb72611d1cba182cc1b987a59934714d05dc9968431b227890be42430ba4b166fdfd2bd6a4ca8b2a9fda5ea9a90e7ace10578aa8af663d93a0f3cb65168db364c9f847e163a9dd8b526d4b575cfec16bab59a3a30e93ef4ae9229239a395ae44f9797926a89447b9947162e651c939ba58dab9562b11d7e4ebafc410fe235ed98d87c9ce50f8f360006b2f9127fa52660d3a158457a2de65ce3be5aaab72e1a5098afc7a6debaeba02a8f8d0a5c157d6fb65833b372722ad0fb6b3536e8e942a2384fcd217989c4c5dd012ab8751f75ef58adca616dd66c8a0b2595218e131d8876e9ea5678e7bf41fa2d0d41ee7924a08262aefad244832464ad7c1fe4c985632df1015e8c586ec434a30a55463c0863686d98f5a969539622d23f084d6888c4e67e1087f141f5ce9702f54b2eb3b7abb7709e02c98b02b578fc6f8f914969dead545b931548dccd06eaf1d75d75597c6e4a2f049bc76a26d4c9a346060538dd3ae53163d8c9b8d99f33acb2dc53b1c148db8cd66dd4f58efca9bea5e9b665cf7e23ea267128d81b425e49fd6606b7c5c1de80b4c0ea8e84874af02865d5c07fc774fe39af91473b1b02bfc6e7f8ee9e15ba89e2a1c3b75e606c4b78eb09dae690475d7b3044c644619a370fc87d3aebf8513f2f4e97c82cfc8f536ec4fc8588dc16c4bbd8b1bf6e477ab166c79105685d16947b03d615f1c39c4271b8ed40d5992d5958f325cb5bd7f4276802a4d937e1bd25e96fb74e9e8579d8e79b8760de73cd09f334468dfd0d2b34e7c5bf46ec767ee2c5bd9bfab664777dfeb3546d8e130c8d7a3c77d830baacb0cc67927cf5895638d59aff20cfcccec8a2075ab536e02bc60a5975eb3dd7e5d0bd7f46d48e7220823aebd58a04c45584ffd00d0c3196067811fbec959a2fd07cbe8163cb856a19a5b3f20d3d5b5ed10c78322ac103e1d287719eb547c6e1a4c0a4579fa73cb6f3b428dc1767d3d3d9d5d273a1aadcf34e8be1b93ddb17ffd2cdd1cfb70ccf96e4daf35c7b8c5255bedd4b3a16268e4cfd0a3b717c80fc8ad7c874762cd827f5c260ad0c1565ab62195a7909aa26566440a7ac93867879de39aa8f3a47e40e273ea66e24186fced165bbb35a9a396070451e4fab0c5232674d348e3f99a18c6c5f6df6629bea4b091fc7a53e3ead7dbbfbdb1ad249ed55b815736b323733463f90b577df1497c6955e263ab3eadd9ede7dacfb267b9634accefa1533715b856f164a45f66ccf63eae74d996abdb7dbbf774edcf21e1b209dd292146f8ae0d23a6fbef9c9fd868af150a55b38e45bc3bf952c6ba82b54c48301b8ff672432b334e14ad2a676fcf97633645debcdbf3c4b02b675600b772b6855af9ff00e4dbcbb957c0b08451f66bc4a6673ff3b1442bc15e8332a4cc9a9db8251fc769ad759b1635a59bd82a0df8e414e36823497c8dfeb54fc76d51b425b73eddbd2b0e7672cd6361b906a46f6e053cba02b5aa5a34aeb2dbdef069cb46e45a32ea5dd2b568b8a3ec103e45ddfb8fd2098dcf872aa52a31674d91af85b198e6d68317133fe3c312c655aa36619db5dd8b76adbfaba37b76fe65cc6d265896d6e696b59acbe3cea4e5deccb3c54a83336de4dec067c6e6f8ddec89184fecb0c0ea029c51453d6bd1df74c7f93e5f802cc5f1b3590456d4ff0021b2ba03ae9a726fe5ed45a9774b5addc71596b2c305d1aebaf8d8a2d530d36e98ba9c8289f5ed36f4b7a6b2e7a3fa63f4426b62666c790ccf89adeaed7f92d2b6cc583e39458cea68f422bc27e284f4ae4ba7adb97b428bf2278ae5dd3d3d299f09c4b79ba2db96b4b53568c942bb20741266c7953656ee2ec543fb4144fce9a9cd04b6ac6addb765c7fa745ff1db946c892c5adfd5d6b6000d87edcc64452d2d4adb1368db9aca2b35f993b27bb3eaca5ff1fb99777ead8b1a77346c5b91dc02d944e662e08023dfbfdb6b638a1828b321f9c87128f9332fb3017c7797ad337dd20ab4a963c3957686dd26d6c6c8a18aeccd2ced1a92358a8cb47406adfd6b37f01f9c3d76e3f9246ff7643f66f87a6c26b96fe569a53d1b71debda7a171e7fa91bf23473374efe97c875b5e4900ab5a9633f0aee4cf094c7569d93cd24e5caacd43423d3b7a376c39d9d772f7a3f90dcdfbdaf66e4b213cf60b535be05a475d7ef815e0829454990e5cb932f12af90477a963d6c04387ad575b51c19542a5311cd5f7321b8b87951c2597aa6e53b518159d59e5f6cca702ce44e3d776c7c8a777a81433b3fe363e2d7be343e3757e3337c634b1258ff2c5257bc34a6baf4e07fab14d5f55db9634df2262c4a9979afa5ab9baf59e8289ec99f2c8e720e86d33424bb24850743799af2ea3ed3a427d406060e8823827beff006c2af1d0a7573d99d3d389d8fa305af3b56b56596b55af936609fcacd8d2b32aaccca6339d260af9ece271bb1df8c884d6783655859d6f13620d4934c6b3346c6a6f6bea593c75d75521f8f64e7e50ad6b2c624199250f90e4ec56fcc0b5cde1c9dfd7ef984fc78e7070d31baa420b48797b892bb0f0ef4efbefd826a6a6705124f64fa0fd968a1165d6a75054b556fc506ad3f921f933f79f3b6074515da9b236aceacf6944736cd69d1769da1a1977015665d73a11482335dec74eacb7ba3a75f7a4df1bccf9059f905fd390f8f87d3f0eb299f19898115d71f221f211d00c89948d092b91f81a43cb8b8ff6d8ec6bd93aff007bb1a3b36dc410438b893e810fca1040877997124fef05137399910d384b2c45b31e8c8dd0ff0056a68e7598dd31b2d6c8db4676bc3fead6bd4b559ad3ebeaeb3f5727729ecbb46c5ebb2e80980503a27482cb5ed6a63fccbcccf95c43195c55359f116e7c9f1bbf5ac9926becd16cb2d9dfd0d48fec0d1a742b653f22fe75883c7dfb07cbbfed8304f43699f21bfb56ac2087e11f8fae80e3bec927f7da21666b31d959be12c3b75766050d7a79742931ae2e8dd07d22c4093e515aff00526d6b9a12d8aba1436e1d8fbdb16ee4b237c2210a72b0d91bd0e1c4b89eab57ad9c32e6ceb55ded6bb2b5e8fc95ff0027b7f2583e4b07c9acfc8ecdf8e88cc3975a84307d0d2a37e83e9cb075ff0084ffc4002f100002020103020602030100030101010000010211210310122231202330324041135051526070046162421480ffda0008010100033f00fd7a1242a1197ff4ea2b6e5ff50687ff00f9c9bfd2bf0318c63ff9258f564bf46e4363471d9c8731bfa1ff00035f47138ffc8f948b6b1fa3b13889228ea394909a446bb1122849312bff00915b2e48aafd1a42a1509d9d475215215085b77decbda8aff8bb1ef72328e297e8e8a459c8c893424909212109d977e042aff8bb90e7f436bb0d2ec381c59d476292fd1d6cf7763a1a88d218d8df871ff16e4c7368b4b02aec2e2f071bc1c24ca99d8c2fd4676e9db3ff001de5242758128ac0a84d0b8b38499c750aa171fd3b631a43a18db18c6318c63435ff0013b65b4524525b604e0c49c8e3aa71128f7fd3722c4248421088884210a8a2bfe276cca29231b604a0c5723cc1c46977fd23637b509212421084210997b60ee57fc4f28ec5246364a225179394a45cca1fe8f933908501404842f0d89898a8542a665ffc4f284a849212424bb8a31792f964e7365bfd2a6c5424848a1a7dc63636318c7be0c1dcb6ff00e274ca125dc497729772d3c8e6de4e4ff4d4c490ab6b18fc745148c772ecbff89d1c4a5dc7fc8dfd8e5f65fe9e8a1965f898ca28a18c6cbff8ab1feb1f8f96d48e257fd258c6487b2a157fd26c721b1bfa1ff034bb1c0fc6c51daeff00e10c6324324cd4d4fa2725d8d48aec4f4bba1af82f565fa46c6dec88bfa235d88a5d8514c506ca2cb2c6c9122487fee5b3527d91ab5d8d45f44ff824fe89bfa26fe89bff00f24bfa92fea4bfa8ebda49bf68efda76e8235ed23c7da77e83f0378383f5ed9ca4bf46e6397d0d7d1c176284842a30ccb33b363d4639fd0daf68ff00a8e2bda385e0e3fedec7af25839c57418f61ff00c1ff00c14fda2fea47fa91fea412f690fea417d10fe087f5211fa21a7d9090990d483c0a1c850d56bd7b9232bf456ce6d11e2b0462bb0a028093ee2171134ce4d96f6e5214da234b0412ec42bb10a7812bc1c5b2bfdb73d54853e2434b4937121fc1a6fe8d37f4417d115f421085e8796cf79e7bf5eda38d7e8ba90b025042a29329b1a631d771c872dfac5817142a150a98a98ad997fedbce42a81e5af82b4f4589f339eabf41c86c6389c76c99471afd154851685c5648d77134f2726ccf8f8c850a234b246bb90aee469e4524f2726cbff6dc3550a3c48eae92cfaea243493c8b8c9723f2c9e4e4fc7c8e463b0abb0927838b65333b52fd153381c5771b5dc72fb1c9fa0d12d3251249771ff61cbec73fb1c9ff00b7e2cfc3259128aea2135dc84fec52f4685021a7f64527523bf593d56f23d476df8ed9c9ad9242484a2c56ceada8497e91a18fc6e439fd0daec4bf827127127118ff00dcb83c13d2fb1aaea1ea5751cd2392f430c7a5164a0de49cef24f51bb637e85b3b1514522a2ca4cb9333b71297eb2d9cda134b046bb11fe08a5d8493c0a3653ff78d486e486e08c2f430ce890d4e5e9e51d8a8a291516772e4f7a1fea5b18cc9942490842a62c8b2753ff79d47544e85e8e19d123ae5e9f51d8e94604a0cbb2e4ff6093145a2291122448e44ecb93ff79d47544e8463d0c33a2475cbd3a6254251125dcc3c9c9b2dfeb90b6e271fb31ee3ff0065fd8dde4732dffbcea3313a17a383a245ea3f4e99c4a5dcc771c8e5fb36318d8dfea9b1b18e257f90ea3a91d08c7a18674c8bd47ea50c6c6fd77fe4ec4c5c4e2717fe43a8a922e08c7a15166245ea3f8cd8d0d781cc9ea7d136bda4e0bb12d3ff00278171665ff90c9d68e9463d0e967b8bd47f1ad76293c1c4ad9ce43d66b05a5d2478fb44a0ea27e2bc1f8e6fe04bf81afdd5f828a10a854cb7fe432752308c2f43a597c8b9bf8cb8f617165594dedcf550a5c48c20b0248528b17091c351fad2d695244f569b892e1ec25a69be24b464d35fbd68706518ee58d965ed5fe37ad18474af43a59dceb7f1ba0e96773a9ed7ac85512a3b604f4a454e5eaf39242d571c11e09b89a2a35443f13690b49c8a935fbabde8686365ed42ff001dd68c23a57a1d2cee75bf8dd274b2acea7b79e8e9898dfc991d72f56f59117c050d155b27ff008f212732b55fee50842684f76f6a28aff1b93ad18474af1e0e96773adfc6e93a59ee2a6f6f3d1d313a77f26475cbd5e3ac84b88b534553da1a7a125629b99ca6dfee6b7bdacb7b248e257f8fea461185e3c1d2cee75bf8d83a59891537b5eba3a6274ef7a323ae5eaf1767e16b228417591e1ee39a7d43d79bff000290a85fe43ad18474af1e0e96773adfc6c1d2ce991d6f6f391d113a77f26475c8cfab2d3768d4d35dcd46bbb27abdd8dff84b7fe3fa918474af43a19ee3adfc6c1d2cc48b9bdab59188970db0568c8b9cbf47457fb6c7a593ad1846178f07433323adfc6e93a58e99d6f6f3d1889d1b60f2a47992fd0a10bfdbaaf4b2752308c7a1d0cf71d6fe360e9662454ded7ac8c44a8ef7a322a72fd0a10bc37fa4721b18d0d7f89af4f27523a5185e87433dc75bf8dd274b3a6475bdbce47444e9dfc9675c8cfcfaddbfd458a421509091457f92c9d48e9463c7867433323adfc6c1d2ce991d6f6f3d1d313a77f26475cbf42c631fe9f221508542c8bfc9e4ea474a30bd0e9666475bf8d83a59d323adede7a3a6274efe4c8eb97a3632bfc05090a842dafe436499218ff6f93a91d28c78f07433323adfc6c1d2ce991737b79e8e8898def459d7232fc7659828aff00e23431b1bf8d264e5f44e5f449fd12fea34bda35f438fd0e3fb6ea3a91d28c7a1d0ccc8eb7f1ba4e96619737b56b23112e3bde93394a434d8d78ac4c5c4ee537fe62c7a839fd17ffe45fd48afa2297b48d7b454f055e0e2de0e3fb5ea3a91d28c78f07433323adfc6690f8b1e4ea7b56ba3113a16f716736cef8dd8c68a65315217115332ff00cc7391cdac092582297b44be8484262a62a7812b126ccbfd9d92d490f038c514bd0e8666475bf8d83a5986549ed7ae8c44a86f6996d8bc347138b285c4b4cbff0031ca68b484a2bc568c32aca6ccfecf9cce6d605149d0a08af412832dc8b9bf8d83a59d2cea7b79e8e989d3be05910842621532ace3238ed65ff97c97347422a3e3b8b3121a9333fb352d442c09457812121084249e45c65939c996fe3f4b3a6475bdab5d1889d3bd2126c42108542a62c9527fab6c90ff0044d9218c631b24c9bfa353f826be868c973895a68c78ed3394194e4719bfd9d6a21748a51426b6518b6c8e9de48dfb88ff00617f617f62d3c9cef2736fe474b3a6475bdbcf462274ef506716fc08542a65d96dfc3b18c657c3731c97624d7b497f527fd49ff527fd49ff00527fd49ff52697b49c3e870f90e6c735d86d7624ff00fc92fea4abda4a2fb126fb0e7ffe4b5ed31ec1a5ec1e9de07a733ae25692f4538b3dc71d47fb3e13383591524e469b5dcd3aee423074ccbea1b7ee1ff624fec93fb24fec72f93d2ce891d6f6f3d1889d3bd69b1a721db18cadf9597f0acb2f6a5d8e253f46c635e2e533934469608c97b483fa21fd487f521fd487f521fd487f5235ed38a7d23d26f07097c7e6d0b82c117f4465f443fa90af68bfa8a32f691c60825d8857b48497b48f16d23f1eab2a68f257a3d2c5523adfed25a6c943ec715ef1d7bc734fa896b49e4631fcbc1d2ce891d4f6f3d1889d3bf94ccc8cbdda18d97f0ef6542a153c1df0537e85b3918ec5238f87ac4e4852a12424210842d9314e0f028f2386a3f8d91368bd35b2485b2625212f02969484b52471d645e92f46a0cf71cb51fed9a25fc8dfcfc1d2cc48b9bdab591889705bf431b931db2be5da2d169e06af034c68af0db13150a994d94fc1c6656a214e313a7d14e2c5c2456abf8d9328bd35e2c95e0ad2675c8ad73a118f42b459ee394df81b195fe47074b30ceb7b5eb23112a0b7b832db2ace2d94fe364ca2d2ded09a781670716f0515e1a9085c45c58b267c2d6b22d44e85e8f4b3a2479afe364ca3cb5e3af079721f390deb9d08c7a1e433323a9ed6c7a8c6d761a5d87a653ff2183a59d2cea7b5eb23112a1bdc58b22a655997f1f28ec617817162562cf8a99c4c17179395f8bcf47b4e85e8e06e1226f51e09df627fc13fe09ff0490d6cd937f44ff827fc13fea49775e8f519897a68c7a57a6ceb915ae5417a37a0cf71d6f6e7314e88a8ac11711453c1c26ffc860e9674b3a9ede7a3113a77e962c8a98b265fa59f569a3b0a96e92128b16459f1b431b45f8bcf47b4e85e8da3f3459f964fa4ff00e07fd47fd0697b4715ed25a77825caa873fa1c97b47fd47fd4697b4714fa4968b781c5f8f27522f4d18f493831294851ff00c81382f47c867bceb7b5ea21522a2b65c1894dff008fb3a4e9662475bdbcf4622746f50628b62c9c9b2dfa75ea5345342a4268490a29e4c3c9c9bc8d8fd7f391889d0bd25220fe8d3fe0d3fe0d3fea69d762124f02cd44ad4ec47168825ed34ffa9a7fd4d3af69a7383a42872386a3f1e4e3342e084d217a29418ae470ff00c8152c919456455dc4215f714b751d165b91727b79a8c22e28c1d0ceb7fe22bd0c1d2ce991527b79e8c44e9deb4d9c5c86db1cbe451c4e35931dcc7730f239b791cd8f6af5ab591ed2e0be05a134c8a98957855323523cd7e8709a38d644e2b22aee47f9222fe444442115065f21ad7638564a4b22af70bfb0bfb094bb89d64538f71289d1239ca4676f351d8e9460b831f3653dac631afd8d93d5fa26d7b49c3e870ee8af8983a58b848ea7b79e8c44e8deb499991727f0d8d937f44d0d6f22712501d771cbece722c55f038eaa2b89ca0be0d458a3a8c4d89a1084474e0c52e47e4d465f8f8b1e9b591c12ea31ee3ffa3ffa3ffa17f617f614fece68b4370637c8ad46389287d924bdc4bf924fec937dc9da25c50dc094a2c7cdefe623b185b5c199654996cbde8afd7d8f5a6b0724ba48f0f68945f49f8ef070935f0f260e9674b2e4f6e3ae8f69705bd6932e7232f663f5ac73252fa1c9fb46d7b4718fb47a5781c6543d4636bb0d47b0f4ec716f6c8855f03ad0d388f82f051424291c97a181f0638ea324e6371436863a25c193e4cb967d16894499327fc93fe49ff24efb929c9647282305c19891c751eec6c65c8ca38c5182e0ca6f7f351ed3a56d86659d46764604bf61ca690a4e2474f4d3a122338b4d0b849d0a13914dfc3e93a59891d4f6f390fa4f2d6d81f090f9c89eac894fe875ed1c13e91e9bf579c8e49605fd48ff0052115ed22e2f0249e0ad63950941605c7b09278384ded4ca31b5fadce48ec718af0b8d8e321ca48e505e860b848bd563e65417814e0ce2e47e3d4d90bd5eb3a90b82dba59d323cc7e2ea12a134b65c189b665ed7aa8f69515b61996272d96c92fd8f9a85d2792b78fe290b9c8b93f8783a5986549ed7ac8f69505b60e5a4c7a9aacb7ed22a2ad1a6a3d88f0748e0de0e127e9e4529217042124213427a7212ff00c862b42e08542e0c4a6cced5f06e685c518f0e18d499534794bd15c18bf2b173157817162a9096a32b6bf5725490b8215094198917a8fc54ca68b48a8986726cb7b7988c231b718b32cb96f48c16cbfd7f19a147891d4d259d969c1b6c4a32c9f9351fc4c1d2ce96753dbcf4622742df9418a5a846024b64e0c5522a6fd3ea3a91e5adb1bf95238ebb12684e08542e0cb93f89d48e8463c2a98ad8a3a8852825626bc6921461217e5625a9dc8b4b242bdc42bdc43fb108c1e452e5939cdfacf7e3245242aee743c9cacb9bf1bb43a43711d31f27bf9a8c23a4e92a2c7cd99dab66cbfd8533f0c90925d44387b88f075239b9647a926fe260e9674c8eb7b79e8c40e85bda3a8add28b39291d4f76c90e3e2ea3a91e5af0f93238eab38485c1645c7b9cd3c9ce4fe1b6ce3245246178293124f277386a7738d648b8e6441fd907f641fd9162229772314f27252c8e7374c7090e0bdc34bdc7ff45af70e69f50f55bc96fd4b2f6a389521a487437165d9d4fc592da2922d0b8329bdef5118452307433adfeddc49e97d924bdc4f5135c896abcbf8b83a59d122a72daf5d1889d0b7c6d424245a7939a65d991ce439fd0f8fb4704f03d26fc393ad1e5af0f94ceb90f4e638fd8e4bb8e65fc1b1b1b1c470296c8452793be4726f23b25a6fb9382ee4bfb139fd93993689512489abc929b791c9ed244ff927fc93fe494befe021345153db0749dcea7e2a909342696cb809b7bf5a3a518daa0ceb7fb97b36486be1e0c33a247548c9e7a3113a16f8126ca38ece47245a65c8e73581715823c7b1170748e0e58384df83254d1d0b6c6fe548eb9191a1fc2b3917b51c4e250c6369926d8f7636c7268ec24b6c32aca93f90b88b275ed830773a9f8a99c5981245c5e4e6defe6a308e9460e86798ff0074e4c7a8392f68d2f692d21c5fc1e930ce865c9992b5d1ed2e0b7e31624def6fb89967245cc56851d35b270625c8e3aafc192a68e85b5adb079522e5232fc763631af0b631a1adad89884978ed6d4677b91d8a5bae2c593adfc5a7b2a1712cea2b6c1765bf1d31a1d0d8dbdef511845476b832a6ff0075ce484d2c10e3d884a0e9149e07a73657c0b81d2cc33adede723da5e9ada91c60ca93cecdfd8efbed67245c8a68e85b7433123cd7e1e3245242c644d2305217065cdf8ecbde8adf933918ec527838d94cc8842178ba77cef94249092d92428c596d9ca6fe2b438ecda2f6adb0596fc59d98fc3e623a518dae0cb9b1afdc645c90b8a150a88b8312932a5f03a0e965c59d4f6bd647b4ad35b748d424353631bd9adad19328e85b7433123ce7e1e2ce2535913ac89c7b8945e4b4ce737b39121af02d950bc17213484909a6559526532842108b13dd56f6f7498925ba8c5e4c3c8e7265fc06363631ff0003fe09449446bc57e3cf8dea31f2581c1229182d3394dedc7f6f9146485c509c4490b8b14e4f6a7ebf41d22e0cea7b79e8f69d0b6c1d122a72f1523a9194796b6e8662479afc34388e2c78c9d1dcb83c8e56394d8f518e4bb0ebb1c13c1c1ed4f642a1782a42a1342a62a65c994712b6ff00ded65f82cb33bf162891aee4547b98791cdbc9c9fc1bd97f02fe042fe05fc15f438de070f5e96fce473ac0956050452db0c5c85c5957fb8e1238564a5ee138fb8e77939b7b67d7a89516619727b56b23da5e9adb05e9c8a9c8cece431c4a299945e9adaa0cf717aafc791a687c46e25d9cb50e6d0941605c7b0b8bc1c1b2994514b6bf071671171ee269e4e565bda8686318fc37e1711c46bec9c91a93252f88b642109a7815338b653de4c9ff000497d0d786d8d981a435b729a1348492de932acea128b2dbfd135f1e5027124fec72dafe0521f063a675bdbce47b4ad35bde948a9c8ea672672fa31d8e0381d46515a68c1d0cf717a8fc79298a855b72d513a1282150b8312723a9ecc63f14913a27437f058c7264f509c976255ed1c53c0f4db38bf808421085b2684e2cab2a4f696bbec39af68ebd838af692d2bc0f4df82deca8e9671b2a475a3a118df0cab38c9edc9fe8ebe6bf5b07433a64549ede7a3da569adef459991d6c4d8a85c454ce3635a8651e52d9f067b8eb7e871297730723cd42c09c16cb832dc8b9b2fc15e0b6398daec34bb0e1781a7eb5b1b18cb989d60828ac1a75d88b8bc0a1783849facf668ad909fd8997b74b3b9d6c7aba88e5c7069c20ad1a55d8d39278234e91f8e4f071935ba6c55b5c4ee54ceb474230b7c33b8d4d8d8dfe8971f996390d8d21c1fa7460e917067533256ba3da5e9adfc991991d62b4271150b8b2ecf30ca3cb5b5c19ee2b51fa2d6fc6670685282c8b8f715339c996f655e3e7339d604a3d8e4bb0ddf492bf6938fd13d31af4f9485242ad92989246365c58b8c8a9bf80c714389c4cf714bec525b5c59dce5aa729a142312a3b5a138c84a522b51ef4cb398e511b4c9466f04a3a886a28e95bf730cb9b1b18c9121adabe5a1517f2ed9c84d76170ec70b38cbd3c1d2ce965c9ed5ac8f697a4b7ad167548ea671655644e259c8b99945692dae2cc48ad47eac94913a44b812763727b53f4394d17142a1119fd1197ff9153e93827d23d29329fa5d48542a150a331604d0a84a2c5522e6fe152638b638cbb8db5939245a2e2cc339ea94d3384516b65144610909ca45ea3df23934728a302d48bc16df49c27ed1e9a452df0cb4cbd465b2cbfa3ff47fe8a5d8e29e0ab29fc9adacbf97721605427a625c8eb7e9f49d2ce991d6f6bd647b4ad25bde948ea91d4ca1c36e6733a8a68f2d6dd27448f325ea72673686a087c46d3c0e2de0a1a1c7c7734569a125b2109a23384b028391c751fa5c64509c45c4e332a4b2616455dcb4f239d8e527e9b97d127f44a3f43fe0634b6c329b1f21f243a460e92ece5aa74238a291c10a29e4b4f239c9f83a916d1d0b64c8cbe88a7d8e057830c5cd89b131084c54cc32932a4fe4d0cbf994c4a8544630ee2959ca6fd24523a59d123a9993cf47b0ad35bde8b29c8eb7bb436725b5345416dd2ce991e631b649925e8f29a13484b4d604269e04aca6f6a2bc393aa22fc2bc49e9b3dc56b3f4a99c4c168b634c6912686d0e56772b663dec6c639bec5d7498f6897d097d14bb14bb1c6ca4ccb3a8ea46118305b672d54569a122912499a89b279b1b93f07516e2742f02115e049312d462109a108542698a99d6fe2d7e8a99c4715dc6d771ea37e8d6d48c1d274c8ea664f3d1ed3cb5bf90cccceb7bb6c7bf63a36e9674c872d564b51f61b5ed1c57b4969de0707e3eb42a889e9ad953134c5c9fa35247948c787a197c8f39ed7e8d0d0d97e0b5e0b7bf1334732d76d95ac1182582315d88b22842712932accb2e46514918305ccb9a2b496ea699cef03a7825093c12815b7523313cb5e2a7ba498b2798ca29f72bec4fec8d7713138b134cb9bf857b63f48d0d0e5e9d6d713a58f8b3a9993cf47b0f296fe4c8ccceb7b3931b28e08a6762e0b6c1ca2cfc9add858c108c7b10945e0493c1f8e4ca7e2a9a38a427042a124c4ec4d88bf1f19a3a116bc145419cb91e63df1bd7a8a842a65c8b109a28eb13a1288848a8f87a58a996d8db64a52ec4934382db05ccea45692f029774467178167071bc1c1bdba8cc4ad35e149312625f624bb8a29e4e779394d8c6871fb1afb3ff00672fb2e272b2dfc1cef8f52bf4f513a4b848a948ea3cf47b4f2d6f7a323323adedcd9d2b0289c4a65b4742deec4f50518eea5a6c49c8e337e2a92385151593a7b9df25bee5ef7e2e3345245c56e8490a9e4e767293dd085ea2ad96d72f021731604d6c9171f0d45976739339bec7fe851fa38238edd6651e5af0dc589d8b2252664eb328a82de8514c514f224de44becc7b872bc8e6d96fc2d6d8397c0c6d9db074ed9f835e1b2f6af9183a58b848cc8ea656ba3d8796b7f259991d6f65685c16d48eb328f29781733a16f706397224a6c717e1a671297731dc6ef3e9d4d154611828afb2af25de4e672dab7bf468a2bc166764248b3ac4a84d216e845ed863c9ca626462842e255edd66517a6bc38624989589c9993ad09342e0b6490a29e4514f277c8db791bfb252fb1cbe560a4ca96d83a4a6ccfaf831e2b2cc15e957ac9c44a2ce891729192b591ec2f496f5a523323aded942e0854619d6651e5adb051d65e9ef7167e5b3bbe23d36f0717e1712b6b2fd2ea2ab6c6d5635636d8dfc06868631b2f6711a431c8699c5a3b64bfb1b1d121b1bdae2cee56a0855b250164ee7596d1e5af050a1162579393793937b548e0d0a96485772315dc59ea395f50e7791c98fe62a151d45b307414d9d5e8e3c78f1e04a277f1def5eb2711706619ca4f6f391989e52db071d39172919da9a2a1b5a2e4651e5adb0773cd3cb5e04c528bc1df04b9bc127f44a2bb0e1bb1fa9522a854b22a150a996d96dfc6b1b192435bb2486e872a1f1da8e2b75938ea091122268e56619e616e2794b7a141338a791b6f239b636f6a1e9b1c3ec697b86efa894dbc9297d8e5f333b60c173db0741dca97c7c15132fd0c092f4acbda8a1a89d072b2e4f6f391ed2b496d512a122e6ccedc5949644fec4d09c8568bd35b636f30f2d78534c53b39cfb18f69517d23d3bc1c1faf4ce2518ee63b8e4397c7e4ce463b18ec56cd937f44d7d0d4d5a3b0a3110b7508b239139b388d7d8ff91cfece474b2b50cc4bd15bf14ce29e4b4f2726fc34344bf91bfd05151dae7b2a17062c9d5f1f074997e860c7a5659829143e23e2c7932f6f391ed3ca5b74b1f191d6f771638ed7f65b12684e0b22684a2cb6cbd44569af0215314db1499151138bc0926719bf81434318e5f1f25c909a42a150b27295243d47d8c7b4a5ed384fb1f8e8c6ca31b23a7f6417d91e2ea42937d47365963bdf0ca99c66852d2591342488c53c8b39393792ff00514636a91463b8b89c9b2dfc7e930ccbf43063d2cecb88a999660e93b997b79c8f61e52dba59d122a6fc0d0d0c6706b2524ac528f72e3dce722e68ad35bf188a0d8a5f672908542498aa45ea3f8b8f8d9328b487243e2490e5a9942a5821a71ec46bb11ee2d2641e1b2097721a706948716fa8937ee2735dc94e59632d7871b3d39a3825923c7dc4545f51caea439b791c9feb32388d2ee36872f9183a7d1c18f4b3b74987b60e93b997b79c8f615a4b6b8b3a2454e5b3631af038b2516b249a591b89ca4651e5adeb4d8e136757717f2457d916bb91517939de4e737fabc99439245c5604e27fe8509f61422b7e863d26c9b9e19370ee6a7191a9a9a8d1a9aa6a497666a43e8969bcf82b7726493b27a64e0bb93edc896a3791cbf5efe4d182d7a3831ea74986771711713b997b79c8f61e52db05e9c8eb90dcc6cc14717e06d8d243e264ca3cb5bf9521a948719b1a1c7ec75ee1c97b87a8de4bf46c6c63456ed8d929127f4492ec4a035f1ae68f68a3a6b652446121265eca1067e693253992701ca2f05ea7b4cfb48f0f68945d44fc4de07a726bc367365a150e298e2dff0084af42d17b5ecd783a4c7a59db0619962a1712ecb6f6ad647b0bd15bf283393654f642a6537bdc8e54544a453328f296fe5c87294894a6f04c9a27124bd27263918ec715d8a2b6b63997f47fe855d889c533837f0def53425c452d35b5265c87c8c1c22ca6d59f9a645413da338b4d1094bb10d3fada338b4d114a4286abf0f509b42e0b65f8849bff000365983895e8596f6c1499522d96749829bf472763a4c332ca45a2cbdbcd4660792b7b8b3958a3214042a665ef7345d1d2523a8ea4796b7b831ea4de0e4fda63da63da714f0385e0e2fd06d8e6d16960a8f62a071bdf9cc4e8492c09094364f4d893667e05b1cc6fe86be870383141ac917156cd36bb91784ce6cfbd9f06494d8b9ab14b496d4888a4b1b545b23522f59f86a624d119451122a0d0a4dff81b65a1281c6cea7e92a171164b996cba3a0a8b29bf473b749d2ccbd997bdeaa3d8568c77b8b3b8a36707b7245bdef511d85c4545c8ca3cb5bf24c529097d084d7622d3c092783849f8b90d8dbec656051821242e0ce3c8ea65b3ad0b8a1342485c4891506ac526cb7f039c8e445222e27038487a6fb8e0bdc36bdc3d49771ea514b65f898a2e47e3d5ee25156cd371ee423074c5cfdc465dd9a4d5d908c1d314f964fcbaadf8b848a5dcc7739a791ea49ff81ca15217030ceb7e06c94c9a5d8940a6514749672916d184749d0ca6ca6fd0ca308e93a5997e2f391ec3c98efd2c4ac5932c63637bd4c4921516739154543c0b96ea859170625265c87218e2533932e2214684a3b25a6cf71737b5342490849097d89279395e47a927f05724271dd24ca93d9a1f2ee5c909450a48446106ac52721c26da64b4bec697b894d3ea351cef912d3ef21f1f7929a7d44b59bcf831e09a35094bfc153290b8976753ded8f55ac0e49749d1ed1e9a7d23d29b28a18e464b68c23a4e86559d4fd0b68c23a4c332fc5e6a3d8792b7a8338d96d9c9b1c9939936bb128fd0e07099c6b263b9f94e470297833baa12b153394d9ce6735d8c7638a783848ca1382da8691485183149c8b96dc19c7ecafb31dc6fb4893fb253f85c642491092ee46117913b394def4ca6b22e29362af70947b9c93c8f55bd9a1af03fe46fd096b48725ed1f1f692d3bc12d26d35fe068a4749c8e4f7e7a8853ac11841608b8f613d36e8fc73914df82e47268a822a27432b91537e3b65b4611d2545997e2f351ec3c95bd69b1ae4394d8f5244b51ac16bda251f68945f48f4ef038487019f91a2e099c4adecced48a4ca4f272bc9ce4ce53427a68542e0ce32654cb82396d486a2c92521b9bf0388c90d8dfc37163814bb96bb8e6d97e0706556475dc9497725a9eb636fc9ab4736b04230568d271ec478ba4716f03d36ff00c050d0c6fc1e6215445c768fe062e523a9f839cd1747182307432b91d6fc77245d18460e96537e2f351ed3c95bf94cf70e5a8c7392c0b1d2461158125d88ca2f024a4709bdaa48cc44f456d5b265af03a635636ded7342fc4842fc6c56cf34b8ad9242138b312384d94fe649127e36992636637737844f53e89d7b4d4d2fa250791b27add91392f6938fd13d279456f7ac2a894b64e0466a428b6549fab7bd7edb86a212a23382c91846db22a12562d59c8b7e0e5a885c622515b25a4c5722f51f8ee48ec611d274b29bf156a23da5e8adee0ce5c8bd4160508a125b2e2c5c242e6f7e1242704ac55b508522f7c33b9d4f6a9217e242a12d36272679a2690a96f817090b948ea7fa74908fc92a3f2fd09af69071f68945f40f49bc0f53569a39a5d245433123c7da2827d23d19bdf86a8a34475209a621509c642c9d6fd7c15fb6e123f135938c3dc5c3de3d4bea1eacdb7e1eb425a68c181434a45ce4729bf1dc9184545183a194e5e2eb43b89e52df0cbb146625426b64911841e44d4b2739bdde9cc692c970efb25f653ee29564522d1830cee753db84909452b171ee2707939c99c7544a88ca2b245a224631792352c8a7365bf957bd7a38df9eaa138a14234b68eae9b4d11e4c5fff0042c11d3d24e8484c8cb49ba142523239139493489c289c22870ee45fd8a99c9b2db7eb231f158c657e81c19382ee4e6bb929f77e2e3342e084e22841bb154b27e5d57e3b91ca48e84523074329cbc5cb551ed38e92db052625628ccca138a12428a7930f23d46f23d4992992aec4a04b4da1a86cd5e47cbb8db59392460c1862765c9edc18e1f63aee39a791c99c58f4dac9c57b8497b855ee2d3ea1ea5e4736fe5f263a290d78d8c690c679a85c16fd2c5cd8bf3a17e05bd68315c8b98f5a48534ba4515d87a71c225a6992d39b564b5113d42511a7eb60bf86d92fe06515fa9fc73385648a87b85c1d48fcae591ea4dbf1f29a2dc4e30452dbcb653978bce47b05f8d6d516708b32c6e63e487c512e24b8b2591ca4c7ab24738ae93a7da714fa47a4c705b363e434d1842aee2e2249e4e4d9c9eed0c6cbd9c49409afb27fc9397d8e5f2f948ba1b5d8725ed1d3e927a5781c1b4f79eabc2273fa25fd4943e8712b6e3ac8c231b569b2a4cbd7472d05ba8e932e72396a0a4e2461a49d6c9a17063fc8c7331d8718bc0e0d8c97f1e956f7f0b99c9762d76297638d95654bf51c49699251f7129aee4b51e5fa1cb551ed2a0b7ad2919978b8eaa145c452d34212833121b931b91d486e28b89d2ca6cbd539b8918e92744688ca2f028d9c2c69b2cc9c59c52297731dcbbc9cdb2ff5172429509a5822d762138bc0b8cba4fc52960a6d0f575123f257491514dc4845762315ed38de0abdb86a8a3447520b244869e9b56294a592b585c126c8495d90845e44e32c9f93519e6217489e8ade2d342d4d53a560b5d8e5a6fa4736fa477ec1a5ec27a3781c1b4fe6644e88f1445a1711413164eafd53f4bcd42a89d0b750d290a53978b8c8fc4d645c527222e3dc5c1e4e76726cea3a91d085c45c199679c2b88bf0ad97162a624d997bd33898ee36bb8e45bfd4e50a90a914b68eae8cb028f338eb3429eaa23c62284696ca51624989366599270689a8a25080f2ac7ad37927cd344d244e302718bc8e7639cdb6548e0d0b82c9068869c1d314a6f27e7d6427042488c9762137d8d25dd234a70748518cb07e2d47f32a465185b463a62c9c9b2dfed38eaa12e229416454474e0db62a964fcba8f794897f035b3d364a0fb8ebdc39c7b8e77b64a9217142e22e0c4db2b545071233d24ac8d118c5e48e7226d9727e06863637fa7b1bdb89945c56fe5b3de35aecf391e5adfa59499d4c6d8f565d86eb04a31ec4d419a8b91396bd0e7582a0b049449d3250932994c7068704b2351f70f8bc92d4d4ee729445f897893d06253919f1ce7d91ab5ed270ee864e5d9135f435eb5329a1522308971791ce4d0dfed78c8fc4d644a0ae44143dc5a7521eab791ce4dbd9eb4c735ed1a8fb4704f03d36d6cd31a2d7838338a59171ee2717939b6647a324704ba88f1f709a7d4736f2736ce4ff005b6c7265aedb381c668528adfa19cf917acce1ac8a82dfa5989173673989b5821082c115f443522d34269e0f3ef88a315688c234909919c1e051e4719b29ed81f11b4ca98a33429e8af128e8c90a53919f14b5e4b039a5d23e1ec1aed027cfda36bd8350f60f46f03d3934fd6706388ebb8e6397edde9bc325a6bb93af713d4fb1cde76b673688ad34da20d550b83c1c24ca7b56f7b50e034bb8e5f672da89e9934bdc4e5f64a7f637faee522eb063b18ec715d8fc3a82549b21a915923fc918c1e45a9629c98b4f505a7447523dc446117914ace526758951d3ba94087e41474b7bd3626a456a3f060c3dbf16a2124b269ce39669c577217dcd392ee69c20e98a4a593f36abf17e4d54853e3834f4b4d368d3aae28d3d5fa21cbda6969af69a53835c48c632a47e2d57ebb1feff00ad11b88bf02ad97e162b91d6fd17fb7b922e8c21288b8b1e936c7ff8f3cb38af78abde2d4fff0043ff00c8db8ab1e8b38fd89c7dc72bc8f51edc64851a14e1b50a3062fcbdc8ce09589ec9459c948cb65329ed71ddc25689688d47dc49af712bf70d2f70dc5f512d6bc8e4fc49eba23512a2bc51fc4c5f965bb912912250ff00134c5a72447824d9a7285d915069339ca45bfdfdb328ec616d699c62c709ba3521d99abfc939356ce491168543cd1383264a5bd1c1f7124b246bb8b8bc89a791c75bb955d44671572135dcbbc9cd3164cbdf063c0d0ca24bec93fb2cb1b18cadb86b2231e243574d648a59669c1f72127dc8495a6434a0db629a924c7afaac7fc12b1b7d8b5d85c7b1c2f0384c7fe21e94ad0f4eb23e1ee1ea2791eb49ff0080c9d68c22a05a2d31b8489c26f69eabc2356d3a64e0913844672dabc0c689c0925dc953c8e7791b912d29771aab91ce3ee397790b8f739597e0b5e8db39b2d7631d8714f070b298e12b1e8b5938c5758b87bccfbcb9fbca87bce6bde3ff00c967e576d0abb19ec28bec24b64d3c1d4f03438ff86fffc400281100020202010403000203010100000000000102110310200412213113304050601422324142ffda0008010201013f00fceced12fecabfb45a2d17fd4a52afc5222364e62910969ba1497f4fc9217e1a2890fd9044508c8c858bfa53744b291cb65da320bf1c871f241693249118a17f4ac92d448794648fe36c9cb48b626c7223213fe92cc9a8ab31af038dfe26cbb1c2c58c503b0712488a23fd25992228331e3fc8d0a3c9c451fe96e3628212fd0d9dc2fea4bf136399f209d9da25fd0acee477a3bd1de879511c8989fd0dd0bf0ca7477d95676905a6e87905948caff9c93a43ca7cac7919decee65b3b9e9331fafa324bf16444622456e6871628b20bf9c9ab4354fe88c1b20a97072a1e5213bd64fc4d58a2970b2d1498a2bf9e9e34c942b8c48e21452e3924598b538fe79c8ee6464c8bfe7f2f187b21eb8b320918a3aa17e6946cf8c58c4abf9fcdc2c87b21eb8b270b238c8aadae15fc53909dff0013976cb317b23eb9515c16ed216588d27f8142cf8c702bf258c643f22fad7d5976f5845f5a97917ad659099865687c9ba1e631e4be48869a1a1afc4cee232b2b4d89fe25f5afab28f5211845f5a7e48bf03327bd60f5cf27a1985728a2101631621e2324287f85a1c48ad39692fc4b565965965965e97d5947a908c02fad18fd0cc9ef583d736acf888c6b8a2088212d32704d19215f8e8638918fee5c2cbe3946f4f5805f5a21eb597deb02f1f7231905e36c6cccff008ba2b74515c9b1b13170ccc6c5bc22fad3f263f4332fbd607e07f7427463ca8f910f2a44b392cc395fe16cef1484ff0045fd365ea8422cbd6618b7845f5a317a1993deb07a1fdd629343ccd1f2b677165fe1921a2284bf8acc311451845f5a463548664f7ac0e9165e9b1cc8bbfae646c5b5f8684beb73487990f38b390cb627fa56b31425aa310beb8b20fc6b2fbd29511c8778a67b44910fa6b4d0a251457ed6e91926ef54510643f1514514515b72a324acae18bec463f43327bda5a4c81da25f5d7eca653e193d0fdf05e198ddafc2be9cbeb7428b14198e15f62317a1993dea11b3b07014082afa9c853171be0dd0f29f31f31f30b310c97f6a91f2a42cd166499f2323949bb43e0cc0ff000217d2d592c42c42c6850476afb5231fa1993deb16e85f4b24c4c84cee5a658e64257b9fa25c71bf247d7d0c5a449d1290a437a42f3124bcf1c2a97e042fd68c7e8664f7a8488be4d898b6864f4e4d10c8ec84ad6a8944c6b6fd13f7c61ec8bf1f4ade4637abd223ff0024bdf1c5eb52950a57f65142fd68c7e8664f7a8a211e4c485c1935aecb16220ab742dbf464f7c50b233e562cac597c13ce2cec5d4331cfb9704655e78a20bc135c118bd6b211f62fad7e1b2f836398b209dee52a118fd0cc9ef58972b115c9c6cf8c51a1c88cb85ed99179e0b94979115660548b13d4593858f11f10f18e34231fa250b3e2162270a22bc90f4232088b1ca8f9052be685f55eecbd4a544b2b16564657a6c9c87223231bd3262463f5acbef5857825914459e2277ba16dcd21e52192c93a3bc8bb1928905c5086647b51b2ab8c0cb4222d2663926862d22f86665981f09b17b21eb593513232c80b9ae17ab13d3627a63647595e998b5226c6c898f4c7ac7e8665f7a8cfb51966e4cb68e9725ae0b52f4498cc7ec9ff00ceb16a8adb91162d4fd127e77025c608cd07624c49982348a2b9e745983d6d934457923a98848946c58c51ae685c1698b69699425ac8b518d9054b5227a818f4c96b17a1997de9fa248703a75da58f2a233bdbf44b50f67b43809d09f1922284392466ce91f3ab165429d98959289f19d850a1642144b1a67c08585095707ab27968c796ccde8ffd307ae1317b23eb5323ec5aae345697062dae0f6b4cec4c50485a913288231e992d62f4332fbd578146d8e047c0e5e3589f9169934321ecff00c19444b2f82a1f84751d476997a86d919b6c849919d3304fc17a93d405cef6d7832a6614ec9ab43879302a5ab1125628096a647ea621705b5cd6d1d467ec42ebdd983a95910c92288a21a64f58fd6b2ea31b4460380e1448463f62f5b940944c71f3bad4a446426364f218e64bca3aac6d8f0b218590c676330418978d48488438d9659dc39a1e688b3c46e32231451f19155b4316e6213e35c1a121705b5cd70eba2f5d1da645da248a2288e999594638f8199758bd6ac9135ac7ec5c32106363c84657a9448c0489227076628b113c2a47f888ff00151f00b010c75aa1c050e2c6cb1b25332e76896790b34887532474dd4770b8a1896a521c84216d6e8a28afa1735c32615343e81590c0a0410d14242d3328990768666d6124e89e5213b322f05989f91709c2c8c289fad632c7322ef72688342e1425a65929d1f291c97c68711c4c91334078d94d6ba3935220fc13c947cac865bd2636419224f5012e0bec64a4639df35c9c4f477a1791216999108c7e86655ac089ab3241d98fc1376b50f647d726ac78c51a18d3b21a6fc126ec83a239509a7ca6cb25a87b17ad265963913c944f30e76cc7894ccbd1f8270716749ff427fea3d4179122890a743926896a05d0f21f28b21177f6325031c2b9ae79e548795d9d3cad696993908c7e86657ac1e864a098e343d457923e8bd2dfa4778e677f9124c4ab521ef0487c648711af0323244657ab2c94c72b269b1e16c9627167484ffe4ea23fec74caa47ff3aa3143791962917a8124486598657cdb3b8b3b84fea5cf2e3ee43e99d98b1f6ae123245b118fd0ccbef580637449d8f5163c87c8c84ef876da1c1a64a0e877662dc87bc3ecbd5f0689ba324c8cdd98a4e8c99a8867b664c948f91b641dee704cc10a66492a3346d985792fc6acc53d5993690a2420343c64b10e0cc31a42e5213f237e073f243d0d917a72232dde96af952e4e25989f81997deb01264e42635c71fb16f0d0f02665c4921e0f22c75b98e5e4b12b211a1739c2c9e16c8606471d232c1d98b1bb336374246365efbbb49e66c72b312f23f5b889f82c969448c0515c1a1c10973c8c53f237e0bf263f44886a663d499dde488893a3e5f241df0bfa1331fad65d62193421f18ba31cef4911742ccc94ac512487a92f04d3b22638897d348486c6a2c8e348945344f0a3b68adc95928b1230c6d92f0b70f65f82cab1631404beecc849d939544eff00f6303b449115a9221a921445ac9e8ffe8c4bc6e6e8f93c9077a5b7342958a5e4c4f597585943859d849696d101e431e4bda1121e992c764719155f6669d1f332198f9472be1450e09938182264894461e058c921448c4afc1356461e4cb0b47c4fb8c11a450969a12d328ad64f42ff00a31fadccaf2434b526649bb30cacff00d30eb2fbd61dd0e04f1896e11b3b4716628bb1e90890f82fb199fc8a02542d51189d8a8a438ea51b31468f0c58d14969a147f134243567c484abebc8bc1dbe4c7eb732fc90d2d4cc8bc984ed76615acbef58dd13991c8ec8bb5a9bd3d6313150b6844912917a9e55125d4a21d4db22ed7d5291376c5a4c43629347c8cee641d8d090fc21cd98a6dff0329511c96f72476f917843c846566574852f263f5a5a9191f930b3e3231ad65d22ac8e3f245521937e443d45d1dc46641deac4c5248cb94efb6226e919f2bb14ecc76d9853edfa252a466eb2998fabee1ab3d1f279ad449228a7ac712421ab44b1b3142bf81ea24d1866db23eb4d89a6344a2ecc6a91d44e853f26176b4b593d137e4c3c32e92211d58c944aa1e96918993c9da2cf677f81e5639d9123e89c6d19ba66d90e9a5661e9a84abe8c8ae275319291d3424e4431f8258ccc9c24432a64049316343c68f884a89917e4b495b1f5304c8648cbd7f039a1662c54c4a90dd2336777443349331cbb915aea5f911d37ae199d2252f2607c326a05a4896414d90958d1938591f24519d916ec8bff005252f27710cb4c84ad6bb531417d793a78ccc7d3c61bcd854cf854589d109117c2623abcae313ba4d987a870661cbde84f93627cd7e16ac514b53f46555222ad98154753748c8ee4389d2af1c3a991674fef864d264a4f7896b22d768d56b18919e16460ec51ff005325a90a47b6605e3ed63911dc91922280951decc790c93a3bd8a57aea21de8789c4506d9d2c5c624757c26c849d8bf5e4e9d48c7d3a88956b2ffc9275222bb99861dab8753228e9fdf0c9a8f962c768f888e11d4113ea1262caa4463646065888c4b4d58b1a28c98148ff0014874f4255f6e59d23bdb6637b949227322c6f507e49bd4592d382676422432222ed72942c8c2be972a165429a7f95ab464e9ad987a7ede12f465f32144c4bfdb84e234628791126626754e915643c187538d8b1908d7e46679792088ca88bb44e5439b64d18f54cc7032a2cc7127b69b6288a744721177f7655e0723136c5faa7e8c9e247718216ec6e897509321914b53898d08946c82a3347b912c4d3218998e15baddfe16e894c9f962d6399965a9111313233544dd944192432086a9f0c7eb839a1491de84ef9c95a2583c98e1da2fd79707710e988414519dd449b6d9d24dd88684b77a704c514b8bfc796744a645d8a2ced65d177a9310b4b709f9d4910271b2994c84191548b2cc92a1b62932d989e9cd214d3e2ca17ee9c3b9197a57674dd3f6ff00d995ea2bc908aa1a44d08650a2289da420648513c8cc16d88911da4244a74779164e363833e367633bfb0ff0024ea3aa77e0c1d54bb8c79534277fc1fffc4002711000202020104030003010101000000000001021103103104122021133040225060321441ffda0008010301013f00fc95e162ff00515fe8efc2cbff0023157f8d8884471271d2457f8fc6bf1514448f04a4377a812aff0016858c963d63e3f2217049ed32ff00c5e38890d1354cc72fc908e9d0921a428928ff008bc621b26ec4ff0012382331e41c8ee1488c89343ff15091de89cff2fb12f14c6ffc5a2dfeaaff004b6289da3f45ff0081ed6531459d8cf8d9f133e262c23c24a2d7d0bf128d9d945d1dc49fb108501c07e85fddc23628a290a28f5e28ccbe882fc5064a4365bdc58a487244d91feee12a6277f4706595f82562c64a35ac7f8dd9451451dacf68b650bfbc84c4efc16a59289646fc71c759350957e782290d0ffbfc5e090c9f3e58f537f99eac84e8f9073fd165ff004f8b69144b827cf942743c9f9da28ed28a2bf32feab16e28a27c13e7eb627a50b250684ff039d1f20a6852fcc87fd4e216a057a33703e7eb92172448af451915485e5156471a278ebc992d26291162fc54578afd4becc42d6328cfc0feb6bd0f923c91e359f917962d647ebca4c948ee3e416431cec5f8acbd25fae8a12fb310846319d40feb7c13e4872478d67e45e51950b2929df8b26c6c6c6cefa316531caff2a7fa6bf0614245103b8cfc0feb9704b922438d677ec5f6b26649512c8c8c9b3b6cc5130afcb5fd1c5125e381090d0b59b81fd6d7a27ff4408f1aea17b17dd28599310fa7643a762e9c860a231afc490d17fd05145084c7e3804316b3703fadf064ff00a20478d67e45f7b8a62c68f8e8afc684c93d2fea7008622ccdc0feb94893b643923c6b3c6d8952f0511aafae04abfa18c5b16164709f02278686bf5e0131b2cb32703fae4892a644871aedb258cec1c349927f5a950e45fef8ab6638248b4390a44bda3273f8acb2cb2fc211b20bb517e19381fd7244f920478d21e9a25fd45a3b91dc8b5ab31725fa2f48e519553fd589f859dc8c93bfb25c13e4810e352950f20a6398dfd6d09fd31562c67c47c27c27c24b1d7d8d936d90c7364f1cd18949b2388962a31fa7e28ccbf545d11ca8f9112ca77b3b9fdb264f920478d64fba2868ec3b1ee88c0946b78c5ab2cb24ad12e7eb9b211b31c291282a230a6225c09ff222f55a4ccd2d36277fd4b27c9021c6a68909f8a2bc909104878d519234f564644ddee3c91e3c5f04d3b2995f4ccc3112ad76ea7c0b921abd232f2367b93146bc57d17fb193e4810e35364d8bc50df9474a543cca89cafce3c90e3c6ced4cec47c689622388f890f11255e1959d3cbd794fd320cbda32f24f831feea2bc14458d9f10e35a44236327c9023c6b33f15f4a951de5d887e15b8f2637eb5450d78218b4cc8fc26ad18db891ca7ca2ca46563322232a1643e4213b1b27c93e0c62f634256760e3f8ab54288e3a8c6c8e343c489c2b4918e246089455195691886c97244871acdc90c6d9f031c5addf82811c64e14256760d5084c6f6b4f4887026771dc5df8224435226bd8bc2bc3171acbe10d4c9f062e44320b52fae8a28a28a122b490912d625a83336a2624227c197484344f922438d385b2315144699d4c12f2809089f0479d4c5e290d6e0842d322fc113744248b1b323fa702b3e26678d78631f0489f040ba2ec8c8731bbfad0d690f565e91637ac6f56a24e56f5031889f065d210d7a322f640871a5c88899fd8a2db23d3b64f1768f50e48ea7c09fb1486ac6bc1116498c8c1b3074ad93c0d1f1b3e3664b4425477a14933d0dd139d8a4d1f233bdf8a450a36cc7d3da3360ed3a35ec58d51d62a7e1887c13e4910f0b10b765887a5a43169f8217823bda1cdb29ea2636593664d22237e8cbc9121c697270852b1ab218e99664f6896a245889f07ff48963f14322ad9d374e88c544714cf891f123a8c24953d456a43f3a12d45d330c934676a8e9a552165547592b7aad41d1298c9706318bc117e087e0862f242d3d219830778fa58d19ba77122419dc4d93d221a9f244c7c6bba9929fa164a64276450c9f04b9dc664646497addea2871d244604e063f523a69aedd58e67c87519151397b23ed8a3e8ed3278d14288a02c4d8ba763e9e4454e04e6d919d31752e8c93ee7a4c6c88f4d3a22beb45f92f242f2e95aa1d99237132429906592912d23121b252b64483f5ac9e9962463f441d8cc9c0f9f0832624280d6a2c72d459092a3248b31750e27fed17583ea87d51933390d8a5463cc4b32272bf04242446263c564312476a1a438459d460a1eabc22c7217b144f8c9aa2cbfa979578af3c599c08f567cf66595b133b86c7a46124bd1255222438d6621ec84070a3131a32af43f04e87221a9090b1928d6e29924fc6cbdf69189d84a1aad22c522123132231a11955c4c8bf910c6762278eb6912443916b3098bef442065857d88523916363f431e918a543e09f244c7c6b39066369a1ab211a24c9f04d7bf24c57a889aa26f515ec8af44a364b18d517e3042895a9228a1a28512303161218e848c993b487529ba17b32ff00c925fcc8f1a9f1b89da4634f4cca42364711f10f1128d7d8990c9465c97f7608db141519e34f4f48c50193ff00a22438d67e44426d109d886c9704f929f8c159446098f0fa25711bbd405bcd1f28b14c8bb6460d9f03a3262711142891c6460911c9147ce88e4523aae0c6df7989ff00132bfe2497f212d6496f144ed3b4a199118da22f49599a35e691451da35f42fa70cfb59f3aa32e4ee7e116629a1f04f922438d750478231b211ad32ac584ec464c7e1092477a661926cf5467abdc3c3371e17b474f0b31614762a3a98a3174d68cbd3a48c78ed9da91925ab314da6679da31c5f718dfa323f435ef73c76354f5897a1e9b252273b23688e468864232466958fca276fa12f6287a26a9890d6921ad24578578a2df9290d135ec810e359d104638fad218893f5a9f03de56d2f42ea669d1d36791ff00a7d12c97bc7c95a6c9c862da16b065a31f511a27d5c5227d47748c1913899e69230cd59232228a2257710c691132705fbf0c8bd89107458e43993762815a429b1cbcf1ab1c3d097b12f464e4892d409ea276fa25a4ac58bd1255e15e687064e0ec4438d6589020fd690c44b8d489c74d8fd8f0c5b12ed3b88c88ea027e864e437aa122bc10a6c726c488649449e59488cdc590cad8ded08888cce90b48638db3e31ba3e43bafefc236a882b676fa33aa6458dea0c9ea2777a1ea1c8b8323dc50b1fa24abc546c71a1e254678d3118f8228cd04a22233a16420c6848971a64ced324688e9ea0444214a89642526f5457d386162c499ff0095327814451487b45919b2123a897a212d390f21090e4a89bfc38dd129fa314fd9dea8cf2b6265e931bddef1f27ff09ee027e89f8448415196225e8eae3ec5c90e08b337b8e996472344325964b52196659115a686408e969a28a12fa5180592859951926db13d3f439b2e42911642548cd2b3d9f233baf498e637f8531b14a8f958ddfd706297a27b815e89f844c6fd1958a6a8eae56c5c90e0464771231251188c7110f8d3564a0c921c76c909fb21742110c2e42e989f4de89469f957846242348644684b5c9d88a44d116770dd9d88c90afe8631b1e3a43d21487ec501aa312b676fa3273e1120bd1910ba9744e7dc221c69974398c8af6457ad3e3486c9a24ab5450e0cc58451a5ac31ee918f125125124bd19b9fa231b7460e8ad5b27d2a88a97a3b133e2ed43189d95aa3232232e98a68c93bfe87044cb1544b9d24535a8c9137660895e8cca9f843920bd19768871a7c1362b676317a6465eb57e0c9a238ec7848e3f67c2870a1eb14fb65661ea20e23cb03a9ea17086efe8c4ea4609a71334d2893cbec86620d64892c4d12436d0f28b233e51cac8125e869b62c32258dafe870ce8c99551276c4acc5890e09a32469962302a426751e1895b12f4665b4438d497a3e36d91c69148cb0a1488bb5b7a6499891425522bd0d1287a1aad29b47cb21b6fe9463ea2513275129162661cce27cbdc86ac9c49418d342b14190543e0c302e858964467c3d8c6bc922bc97e252a1c9bd43921c1c199dbd43921e9116750fc3a75acbc6d10e0442167c490f595eb1bd58b536366190da3bff00911768ad65e7ed4281255b8b31cbd0e437a9453230ad25ac7e8edb31a503a9929324515e1044e2abc97e6c79a89e7b1bbd63e45c1c19a76fc302f459957ada21c088d46364ba84992ce87d5247777b2388eca272a1cd98ddeb2693a1e46590cb47ce4b30ddfdb8a16c50491961b8c1b31c2892f24bd111c8864639c99383249dedee33a253bfa523e363835f953a31e74919735f847931fa8964dff1da21222ccb9aa344e4c56cc8bd9d2e999750951f21395fe44615489487ecc91a3146c5e88489ad344a6918fd9d84dd101a2286e8731a4c7044957dd8f9147d1910ff00547921ee251965484ac581d128389744664e56313a1ab6617da29a25911395eeff00225643190f4896b246cc6ab58c648b2506d907da8532641889ba2ed6d1976958b18f1b3e3638d79c5d11caa89cec7faf166a259d139b91855b119e2a87e0e228ebb996ff00462809569b42a1a123b0842b535a5a4387a3822c9919092291269224ed94518e3e1916a306c78daf1458ff0074254c8665466cb7e4bcebf1a4625eb4f827269917223c691659277a96431c9488615c99692244491426363762859d84951095168ee45a3b3b85d39870248cb862d193134c6abfa3ffd9, 'Header', '');
INSERT INTO `umb_tedhenat` (`ID_Data`, `Titulli`, `Pershkrimi`, `File`, `pamjaefaqes`, `Emri_Foto`) VALUES
(2, 'Linqe te Shpejta', '<ul class=\"copyright\"> 						 						<li><a href=\"https://greenpharmacy-ks.com/\">Green Pharmacy</a>.</li> 						<li><a href=\"https://www.simpleonlinepharmacy.co.uk/\">Simple Online Pharmacy</a>.</li> 						<li><a href=\"https://www.oxfordonlinepharmacy.co.uk/\">Oxford Online Pharmacy</a>.</li> 					</ul>', '', 'umb_footer_linqe', '0'),
(5, 'Adresa', 'Rr.Ahmet Gashi Pn - Prishtine Prishtina, Kosovo, 10000', '', 'umb_footer_adresa', '0'),
(6, 'Rrjete Sociale', '<ul class=\"icons\"> 						<li><a href=\"#\" class=\"icon fa-facebook\"> 							<span class=\"label\">Facebook</span> 						</a></li> 						<li><a href=\"#\" class=\"icon fa-twitter\"> 							<span class=\"label\">Twitter</span> 						</a></li> 						<li><a href=\"#\" class=\"icon fa-instagram\"> 							<span class=\"label\">Instagram</span> 						</a></li> 						<li><a href=\"#\" class=\"icon fa-linkedin\"> 							<span class=\"label\">LinkedIn</span> 						</a></li> 					</ul>', '', 'umb_footer_rrjetesociale', '0'),
(7, 'Copyright', '<ul class=\"copyright\"> 						<li> UMB</li> </ul>\r\n<ul class=\"copyright\"> 						<li> Templated.co</li> </ul>', '', 'umb_footer_copyright', '0'),
(8, 'Meny', '<nav id=\"nav\"> 				<ul class=\"links\"> 					<li><a href=\"ballina_admin.php\">Ballina</a></li> 					<li><a href=\"porositebarnave.php\">Porosite e Barnave</a></li> 					<li><a href=\"perdoruesit.php\">Perdoruesit</a></li> 					<li><a href=\"ckycu.php\">Ckyqja</a></li> 				</ul> 			</nav>', '', 'MenyAdmin', '0'),
(9, 'Meny', '<nav id=\"nav\"> 				<ul class=\"links\"> 					<li><a href=\"index.php\">Ballina</a></li> 					<li><a href=\"porositbarna.php\">Porosit Barna</a></li> 				</ul> 			</nav>', '', 'MenyPrd', '0'),
(14, 'MuriBallinaAdm', '', '', 'muriballinaadm', '0'),
(15, 'MuriBallinaPrd', '', '', 'muriballinaprd', '0'),
(16, 'MuriPorositBarna', '', '', 'muriporositbarna', '0');

--
-- Indexes for dumped tables
--

--
-- Indexes for table `data_ahome`
--
ALTER TABLE `data_ahome`
  ADD PRIMARY KEY (`id`);

--
-- Indexes for table `tbl_answer`
--
ALTER TABLE `tbl_answer`
  ADD PRIMARY KEY (`id`);

--
-- Indexes for table `tbl_poll`
--
ALTER TABLE `tbl_poll`
  ADD PRIMARY KEY (`id`);

--
-- Indexes for table `tbl_question`
--
ALTER TABLE `tbl_question`
  ADD PRIMARY KEY (`id`);

--
-- Indexes for table `umb_barna`
--
ALTER TABLE `umb_barna`
  ADD PRIMARY KEY (`id_barna`);

--
-- Indexes for table `umb_perdoruesit`
--
ALTER TABLE `umb_perdoruesit`
  ADD PRIMARY KEY (`id`);

--
-- Indexes for table `umb_porosit_barna`
--
ALTER TABLE `umb_porosit_barna`
  ADD PRIMARY KEY (`id_porosia`);

--
-- Indexes for table `umb_tedhenat`
--
ALTER TABLE `umb_tedhenat`
  ADD PRIMARY KEY (`ID_Data`);

--
-- AUTO_INCREMENT for dumped tables
--

--
-- AUTO_INCREMENT for table `data_ahome`
--
ALTER TABLE `data_ahome`
  MODIFY `id` int(11) NOT NULL AUTO_INCREMENT, AUTO_INCREMENT=2;

--
-- AUTO_INCREMENT for table `tbl_answer`
--
ALTER TABLE `tbl_answer`
  MODIFY `id` int(11) NOT NULL AUTO_INCREMENT, AUTO_INCREMENT=16;

--
-- AUTO_INCREMENT for table `tbl_poll`
--
ALTER TABLE `tbl_poll`
  MODIFY `id` int(11) NOT NULL AUTO_INCREMENT, AUTO_INCREMENT=74;

--
-- AUTO_INCREMENT for table `tbl_question`
--
ALTER TABLE `tbl_question`
  MODIFY `id` int(11) NOT NULL AUTO_INCREMENT, AUTO_INCREMENT=4;

--
-- AUTO_INCREMENT for table `umb_barna`
--
ALTER TABLE `umb_barna`
  MODIFY `id_barna` int(11) NOT NULL AUTO_INCREMENT, AUTO_INCREMENT=11;

--
-- AUTO_INCREMENT for table `umb_perdoruesit`
--
ALTER TABLE `umb_perdoruesit`
  MODIFY `id` int(11) NOT NULL AUTO_INCREMENT, AUTO_INCREMENT=11;

--
-- AUTO_INCREMENT for table `umb_porosit_barna`
--
ALTER TABLE `umb_porosit_barna`
  MODIFY `id_porosia` int(11) NOT NULL AUTO_INCREMENT, AUTO_INCREMENT=13;

--
-- AUTO_INCREMENT for table `umb_tedhenat`
--
ALTER TABLE `umb_tedhenat`
  MODIFY `ID_Data` int(11) NOT NULL AUTO_INCREMENT, AUTO_INCREMENT=19;
COMMIT;

/*!40101 SET CHARACTER_SET_CLIENT=@OLD_CHARACTER_SET_CLIENT */;
/*!40101 SET CHARACTER_SET_RESULTS=@OLD_CHARACTER_SET_RESULTS */;
/*!40101 SET COLLATION_CONNECTION=@OLD_COLLATION_CONNECTION */;
